run_id,endpoint_id,method,path,response_status,response_time_ms,assertion_count,failed_assertions,status,duration_ms,failure_bucket,architecture_type,repository_name,experiment_batch_id,run_index,workflow_run_id,workflow_attempt,tool_name,platform,viewport,generated_at
api-03ade5f1-6530-4b07-b8ba-e3d35bbb8a8d,catalog.getPizzas,GET,/api/pizzas,200,113,5,0,PASS,113,,GTAA_BASELINE,gTAA,local-batch,0,NOT_AVAILABLE,NOT_AVAILABLE,api,api,ALL,2026-06-09T17:38:55.037Z
api-03ade5f1-6530-4b07-b8ba-e3d35bbb8a8d,catalog.getPizzas,GET,/api/pizzas,200,118,5,0,PASS,118,,GTAA_BASELINE,gTAA,local-batch,0,NOT_AVAILABLE,NOT_AVAILABLE,api,api,ALL,2026-06-09T17:38:55.037Z
api-03ade5f1-6530-4b07-b8ba-e3d35bbb8a8d,catalog.getPizzas,GET,/api/pizzas,200,113,5,0,PASS,113,,GTAA_BASELINE,gTAA,local-batch,0,NOT_AVAILABLE,NOT_AVAILABLE,api,api,ALL,2026-06-09T17:38:55.037Z
api-03ade5f1-6530-4b07-b8ba-e3d35bbb8a8d,catalog.getPizzas,GET,/api/pizzas,200,117,5,0,PASS,117,,GTAA_BASELINE,gTAA,local-batch,0,NOT_AVAILABLE,NOT_AVAILABLE,api,api,ALL,2026-06-09T17:38:55.037Z
api-03ade5f1-6530-4b07-b8ba-e3d35bbb8a8d,catalog.getPizzas,GET,/api/pizzas,200,113,5,0,PASS,113,,GTAA_BASELINE,gTAA,local-batch,0,NOT_AVAILABLE,NOT_AVAILABLE,api,api,ALL,2026-06-09T17:38:55.037Z
api-03ade5f1-6530-4b07-b8ba-e3d35bbb8a8d,catalog.getPizzas,GET,/api/pizzas,200,111,5,0,PASS,111,,GTAA_BASELINE,gTAA,local-batch,0,NOT_AVAILABLE,NOT_AVAILABLE,api,api,ALL,2026-06-09T17:38:55.037Z
api-03ade5f1-6530-4b07-b8ba-e3d35bbb8a8d,catalog.getPizzas,GET,/api/pizzas,200,117,5,0,PASS,117,,GTAA_BASELINE,gTAA,local-batch,0,NOT_AVAILABLE,NOT_AVAILABLE,api,api,ALL,2026-06-09T17:38:55.037Z
api-03ade5f1-6530-4b07-b8ba-e3d35bbb8a8d,catalog.getPizzas,GET,/api/pizzas,200,115,5,0,PASS,115,,GTAA_BASELINE,gTAA,local-batch,0,NOT_AVAILABLE,NOT_AVAILABLE,api,api,ALL,2026-06-09T17:38:55.037Z
api-03ade5f1-6530-4b07-b8ba-e3d35bbb8a8d,catalog.getPizzas,GET,/api/pizzas,200,110,5,0,PASS,110,,GTAA_BASELINE,gTAA,local-batch,0,NOT_AVAILABLE,NOT_AVAILABLE,api,api,ALL,2026-06-09T17:38:55.037Z
api-03ade5f1-6530-4b07-b8ba-e3d35bbb8a8d,catalog.getPizzas,GET,/api/pizzas,200,121,5,0,PASS,121,,GTAA_BASELINE,gTAA,local-batch,0,NOT_AVAILABLE,NOT_AVAILABLE,api,api,ALL,2026-06-09T17:38:55.037Z
api-03ade5f1-6530-4b07-b8ba-e3d35bbb8a8d,catalog.getPizzas,GET,/api/pizzas,200,113,5,0,PASS,113,,GTAA_BASELINE,gTAA,local-batch,0,NOT_AVAILABLE,NOT_AVAILABLE,api,api,ALL,2026-06-09T17:38:55.037Z
api-03ade5f1-6530-4b07-b8ba-e3d35bbb8a8d,catalog.getPizzas,GET,/api/pizzas,200,110,5,0,PASS,110,,GTAA_BASELINE,gTAA,local-batch,0,NOT_AVAILABLE,NOT_AVAILABLE,api,api,ALL,2026-06-09T17:38:55.037Z
api-03ade5f1-6530-4b07-b8ba-e3d35bbb8a8d,catalog.getPizzas,GET,/api/pizzas,200,110,5,0,PASS,110,,GTAA_BASELINE,gTAA,local-batch,0,NOT_AVAILABLE,NOT_AVAILABLE,api,api,ALL,2026-06-09T17:38:55.037Z
api-03ade5f1-6530-4b07-b8ba-e3d35bbb8a8d,catalog.getPizzas,GET,/api/pizzas,200,116,5,0,PASS,116,,GTAA_BASELINE,gTAA,local-batch,0,NOT_AVAILABLE,NOT_AVAILABLE,api,api,ALL,2026-06-09T17:38:55.037Z
api-03ade5f1-6530-4b07-b8ba-e3d35bbb8a8d,catalog.getPizzas,GET,/api/pizzas,200,120,5,0,PASS,120,,GTAA_BASELINE,gTAA,local-batch,0,NOT_AVAILABLE,NOT_AVAILABLE,api,api,ALL,2026-06-09T17:38:55.037Z
api-03ade5f1-6530-4b07-b8ba-e3d35bbb8a8d,catalog.getPizzas,GET,/api/pizzas,200,109,5,0,PASS,109,,GTAA_BASELINE,gTAA,local-batch,0,NOT_AVAILABLE,NOT_AVAILABLE,api,api,ALL,2026-06-09T17:38:55.037Z
api-03ade5f1-6530-4b07-b8ba-e3d35bbb8a8d,catalog.getPizzas,GET,/api/pizzas,200,107,5,0,PASS,107,,GTAA_BASELINE,gTAA,local-batch,0,NOT_AVAILABLE,NOT_AVAILABLE,api,api,ALL,2026-06-09T17:38:55.037Z
api-03ade5f1-6530-4b07-b8ba-e3d35bbb8a8d,catalog.getPizzas,GET,/api/pizzas,200,110,5,0,PASS,110,,GTAA_BASELINE,gTAA,local-batch,0,NOT_AVAILABLE,NOT_AVAILABLE,api,api,ALL,2026-06-09T17:38:55.037Z
api-03ade5f1-6530-4b07-b8ba-e3d35bbb8a8d,catalog.getPizzas,GET,/api/pizzas,200,111,5,0,PASS,111,,GTAA_BASELINE,gTAA,local-batch,0,NOT_AVAILABLE,NOT_AVAILABLE,api,api,ALL,2026-06-09T17:38:55.037Z
api-03ade5f1-6530-4b07-b8ba-e3d35bbb8a8d,catalog.getPizzas,GET,/api/pizzas,200,113,5,0,PASS,113,,GTAA_BASELINE,gTAA,local-batch,0,NOT_AVAILABLE,NOT_AVAILABLE,api,api,ALL,2026-06-09T17:38:55.037Z
api-03ade5f1-6530-4b07-b8ba-e3d35bbb8a8d,checkout.placeOrder,POST,/api/CH//checkout/place-order,404,118,4,3,FAIL,118,API_RESPONSE_FAILURE,GTAA_BASELINE,gTAA,local-batch,0,NOT_AVAILABLE,NOT_AVAILABLE,api,api,ALL,2026-06-09T17:38:55.037Z
api-03ade5f1-6530-4b07-b8ba-e3d35bbb8a8d,checkout.placeOrder,POST,/api/CH//checkout/place-order,404,113,4,3,FAIL,113,API_RESPONSE_FAILURE,GTAA_BASELINE,gTAA,local-batch,0,NOT_AVAILABLE,NOT_AVAILABLE,api,api,ALL,2026-06-09T17:38:55.037Z
api-03ade5f1-6530-4b07-b8ba-e3d35bbb8a8d,checkout.placeOrder,POST,/api/JP//checkout/place-order,404,108,4,3,FAIL,108,API_RESPONSE_FAILURE,GTAA_BASELINE,gTAA,local-batch,0,NOT_AVAILABLE,NOT_AVAILABLE,api,api,ALL,2026-06-09T17:38:55.037Z
api-03ade5f1-6530-4b07-b8ba-e3d35bbb8a8d,checkout.placeOrder,POST,/api/JP//checkout/place-order,404,117,4,3,FAIL,117,API_RESPONSE_FAILURE,GTAA_BASELINE,gTAA,local-batch,0,NOT_AVAILABLE,NOT_AVAILABLE,api,api,ALL,2026-06-09T17:38:55.037Z
api-03ade5f1-6530-4b07-b8ba-e3d35bbb8a8d,checkout.placeOrder,POST,/api/MX//checkout/place-order,404,110,4,3,FAIL,110,API_RESPONSE_FAILURE,GTAA_BASELINE,gTAA,local-batch,0,NOT_AVAILABLE,NOT_AVAILABLE,api,api,ALL,2026-06-09T17:38:55.037Z
api-03ade5f1-6530-4b07-b8ba-e3d35bbb8a8d,checkout.placeOrder,POST,/api/MX//checkout/place-order,404,115,4,3,FAIL,115,API_RESPONSE_FAILURE,GTAA_BASELINE,gTAA,local-batch,0,NOT_AVAILABLE,NOT_AVAILABLE,api,api,ALL,2026-06-09T17:38:55.037Z
api-03ade5f1-6530-4b07-b8ba-e3d35bbb8a8d,checkout.placeOrder,POST,/api/US//checkout/place-order,404,113,4,3,FAIL,113,API_RESPONSE_FAILURE,GTAA_BASELINE,gTAA,local-batch,0,NOT_AVAILABLE,NOT_AVAILABLE,api,api,ALL,2026-06-09T17:38:55.037Z
api-03ade5f1-6530-4b07-b8ba-e3d35bbb8a8d,checkout.placeOrder,POST,/api/US//checkout/place-order,404,117,4,3,FAIL,117,API_RESPONSE_FAILURE,GTAA_BASELINE,gTAA,local-batch,0,NOT_AVAILABLE,NOT_AVAILABLE,api,api,ALL,2026-06-09T17:38:55.037Z
api-03ade5f1-6530-4b07-b8ba-e3d35bbb8a8d,login.authenticate.invalid,POST,/api/auth/login,422,110,4,2,FAIL,110,API_RESPONSE_FAILURE,GTAA_BASELINE,gTAA,local-batch,0,NOT_AVAILABLE,NOT_AVAILABLE,api,api,ALL,2026-06-09T17:38:55.037Z
api-03ade5f1-6530-4b07-b8ba-e3d35bbb8a8d,login.authenticate.invalid,POST,/api/auth/login,422,112,4,2,FAIL,112,API_RESPONSE_FAILURE,GTAA_BASELINE,gTAA,local-batch,0,NOT_AVAILABLE,NOT_AVAILABLE,api,api,ALL,2026-06-09T17:38:55.037Z
api-03ade5f1-6530-4b07-b8ba-e3d35bbb8a8d,login.authenticate.invalid,POST,/api/auth/login,422,108,4,2,FAIL,108,API_RESPONSE_FAILURE,GTAA_BASELINE,gTAA,local-batch,0,NOT_AVAILABLE,NOT_AVAILABLE,api,api,ALL,2026-06-09T17:38:55.037Z
api-03ade5f1-6530-4b07-b8ba-e3d35bbb8a8d,login.authenticate.invalid,POST,/api/auth/login,401,126,4,1,FAIL,126,API_CONTRACT_FAILURE,GTAA_BASELINE,gTAA,local-batch,0,NOT_AVAILABLE,NOT_AVAILABLE,api,api,ALL,2026-06-09T17:38:55.037Z
api-03ade5f1-6530-4b07-b8ba-e3d35bbb8a8d,login.authenticate.invalid,POST,/api/auth/login,403,109,4,1,FAIL,109,API_CONTRACT_FAILURE,GTAA_BASELINE,gTAA,local-batch,0,NOT_AVAILABLE,NOT_AVAILABLE,api,api,ALL,2026-06-09T17:38:55.037Z
api-03ade5f1-6530-4b07-b8ba-e3d35bbb8a8d,pizzaBuilder.addCustomizedToCart,POST,/api/cart,422,108,5,4,FAIL,108,API_RESPONSE_FAILURE,GTAA_BASELINE,gTAA,local-batch,0,NOT_AVAILABLE,NOT_AVAILABLE,api,api,ALL,2026-06-09T17:38:55.037Z
api-03ade5f1-6530-4b07-b8ba-e3d35bbb8a8d,pizzaBuilder.addCustomizedToCart,POST,/api/cart,422,108,5,4,FAIL,108,API_RESPONSE_FAILURE,GTAA_BASELINE,gTAA,local-batch,0,NOT_AVAILABLE,NOT_AVAILABLE,api,api,ALL,2026-06-09T17:38:55.037Z
api-03ade5f1-6530-4b07-b8ba-e3d35bbb8a8d,pizzaBuilder.addCustomizedToCart,POST,/api/cart,422,107,5,4,FAIL,107,API_RESPONSE_FAILURE,GTAA_BASELINE,gTAA,local-batch,0,NOT_AVAILABLE,NOT_AVAILABLE,api,api,ALL,2026-06-09T17:38:55.037Z
api-03ade5f1-6530-4b07-b8ba-e3d35bbb8a8d,pizzaBuilder.addCustomizedToCart,POST,/api/cart,422,128,5,4,FAIL,128,API_RESPONSE_FAILURE,GTAA_BASELINE,gTAA,local-batch,0,NOT_AVAILABLE,NOT_AVAILABLE,api,api,ALL,2026-06-09T17:38:55.037Z
api-03ade5f1-6530-4b07-b8ba-e3d35bbb8a8d,pizzaBuilder.addCustomizedToCart,POST,/api/cart,422,112,5,4,FAIL,112,API_RESPONSE_FAILURE,GTAA_BASELINE,gTAA,local-batch,0,NOT_AVAILABLE,NOT_AVAILABLE,api,api,ALL,2026-06-09T17:38:55.037Z
api-03ade5f1-6530-4b07-b8ba-e3d35bbb8a8d,pizzaBuilder.listPizzas,GET,/api/pizzas,200,124,4,0,PASS,124,,GTAA_BASELINE,gTAA,local-batch,0,NOT_AVAILABLE,NOT_AVAILABLE,api,api,ALL,2026-06-09T17:38:55.037Z
api-03ade5f1-6530-4b07-b8ba-e3d35bbb8a8d,pizzaBuilder.listPizzas,GET,/api/pizzas,200,107,4,0,PASS,107,,GTAA_BASELINE,gTAA,local-batch,0,NOT_AVAILABLE,NOT_AVAILABLE,api,api,ALL,2026-06-09T17:38:55.037Z
api-03ade5f1-6530-4b07-b8ba-e3d35bbb8a8d,pizzaBuilder.listPizzas,GET,/api/pizzas,200,111,4,0,PASS,111,,GTAA_BASELINE,gTAA,local-batch,0,NOT_AVAILABLE,NOT_AVAILABLE,api,api,ALL,2026-06-09T17:38:55.037Z
api-03ade5f1-6530-4b07-b8ba-e3d35bbb8a8d,pizzaBuilder.listPizzas,GET,/api/pizzas,200,115,4,0,PASS,115,,GTAA_BASELINE,gTAA,local-batch,0,NOT_AVAILABLE,NOT_AVAILABLE,api,api,ALL,2026-06-09T17:38:55.037Z
api-03ade5f1-6530-4b07-b8ba-e3d35bbb8a8d,pizzaBuilder.listPizzas,GET,/api/pizzas,200,115,4,0,PASS,115,,GTAA_BASELINE,gTAA,local-batch,0,NOT_AVAILABLE,NOT_AVAILABLE,api,api,ALL,2026-06-09T17:38:55.037Z
api-03ade5f1-6530-4b07-b8ba-e3d35bbb8a8d,profile.updateMe,PATCH,/api/users/me/profile,200,113,6,0,PASS,113,,GTAA_BASELINE,gTAA,local-batch,0,NOT_AVAILABLE,NOT_AVAILABLE,api,api,ALL,2026-06-09T17:38:55.037Z
api-03ade5f1-6530-4b07-b8ba-e3d35bbb8a8d,profile.updateMe,PATCH,/api/users/me/profile,200,111,6,0,PASS,111,,GTAA_BASELINE,gTAA,local-batch,0,NOT_AVAILABLE,NOT_AVAILABLE,api,api,ALL,2026-06-09T17:38:55.037Z
api-03ade5f1-6530-4b07-b8ba-e3d35bbb8a8d,profile.updateMe,PATCH,/api/users/me/profile,200,116,6,0,PASS,116,,GTAA_BASELINE,gTAA,local-batch,0,NOT_AVAILABLE,NOT_AVAILABLE,api,api,ALL,2026-06-09T17:38:55.037Z
api-03ade5f1-6530-4b07-b8ba-e3d35bbb8a8d,profile.updateMe,PATCH,/api/users/me/profile,200,114,6,0,PASS,114,,GTAA_BASELINE,gTAA,local-batch,0,NOT_AVAILABLE,NOT_AVAILABLE,api,api,ALL,2026-06-09T17:38:55.037Z
api-03ade5f1-6530-4b07-b8ba-e3d35bbb8a8d,profile.updateMe,PATCH,/api/users/me/profile,200,119,6,0,PASS,119,,GTAA_BASELINE,gTAA,local-batch,0,NOT_AVAILABLE,NOT_AVAILABLE,api,api,ALL,2026-06-09T17:38:55.037Z
api-0a93b9fe-990e-49ef-9e6c-e678d2aa84c3,catalog.getPizzas,GET,/api/pizzas,200,122,5,0,PASS,122,,GTAA_BASELINE,gTAA,local-batch,0,NOT_AVAILABLE,NOT_AVAILABLE,api,api,ALL,2026-06-09T17:38:55.037Z
api-0a93b9fe-990e-49ef-9e6c-e678d2aa84c3,catalog.getPizzas,GET,/api/pizzas,200,116,5,0,PASS,116,,GTAA_BASELINE,gTAA,local-batch,0,NOT_AVAILABLE,NOT_AVAILABLE,api,api,ALL,2026-06-09T17:38:55.037Z
api-0a93b9fe-990e-49ef-9e6c-e678d2aa84c3,catalog.getPizzas,GET,/api/pizzas,200,116,5,0,PASS,116,,GTAA_BASELINE,gTAA,local-batch,0,NOT_AVAILABLE,NOT_AVAILABLE,api,api,ALL,2026-06-09T17:38:55.037Z
api-0a93b9fe-990e-49ef-9e6c-e678d2aa84c3,catalog.getPizzas,GET,/api/pizzas,200,522,5,0,PASS,522,,GTAA_BASELINE,gTAA,local-batch,0,NOT_AVAILABLE,NOT_AVAILABLE,api,api,ALL,2026-06-09T17:38:55.037Z
api-0a93b9fe-990e-49ef-9e6c-e678d2aa84c3,catalog.getPizzas,GET,/api/pizzas,200,113,5,0,PASS,113,,GTAA_BASELINE,gTAA,local-batch,0,NOT_AVAILABLE,NOT_AVAILABLE,api,api,ALL,2026-06-09T17:38:55.037Z
api-0a93b9fe-990e-49ef-9e6c-e678d2aa84c3,catalog.getPizzas,GET,/api/pizzas,200,114,5,0,PASS,114,,GTAA_BASELINE,gTAA,local-batch,0,NOT_AVAILABLE,NOT_AVAILABLE,api,api,ALL,2026-06-09T17:38:55.037Z
api-0a93b9fe-990e-49ef-9e6c-e678d2aa84c3,catalog.getPizzas,GET,/api/pizzas,200,127,5,0,PASS,127,,GTAA_BASELINE,gTAA,local-batch,0,NOT_AVAILABLE,NOT_AVAILABLE,api,api,ALL,2026-06-09T17:38:55.037Z
api-0a93b9fe-990e-49ef-9e6c-e678d2aa84c3,catalog.getPizzas,GET,/api/pizzas,200,113,5,0,PASS,113,,GTAA_BASELINE,gTAA,local-batch,0,NOT_AVAILABLE,NOT_AVAILABLE,api,api,ALL,2026-06-09T17:38:55.037Z
api-0a93b9fe-990e-49ef-9e6c-e678d2aa84c3,catalog.getPizzas,GET,/api/pizzas,200,116,5,0,PASS,116,,GTAA_BASELINE,gTAA,local-batch,0,NOT_AVAILABLE,NOT_AVAILABLE,api,api,ALL,2026-06-09T17:38:55.037Z
api-0a93b9fe-990e-49ef-9e6c-e678d2aa84c3,catalog.getPizzas,GET,/api/pizzas,200,118,5,0,PASS,118,,GTAA_BASELINE,gTAA,local-batch,0,NOT_AVAILABLE,NOT_AVAILABLE,api,api,ALL,2026-06-09T17:38:55.037Z
api-0a93b9fe-990e-49ef-9e6c-e678d2aa84c3,catalog.getPizzas,GET,/api/pizzas,200,114,5,0,PASS,114,,GTAA_BASELINE,gTAA,local-batch,0,NOT_AVAILABLE,NOT_AVAILABLE,api,api,ALL,2026-06-09T17:38:55.037Z
api-0a93b9fe-990e-49ef-9e6c-e678d2aa84c3,catalog.getPizzas,GET,/api/pizzas,200,112,5,0,PASS,112,,GTAA_BASELINE,gTAA,local-batch,0,NOT_AVAILABLE,NOT_AVAILABLE,api,api,ALL,2026-06-09T17:38:55.037Z
api-0a93b9fe-990e-49ef-9e6c-e678d2aa84c3,catalog.getPizzas,GET,/api/pizzas,200,125,5,0,PASS,125,,GTAA_BASELINE,gTAA,local-batch,0,NOT_AVAILABLE,NOT_AVAILABLE,api,api,ALL,2026-06-09T17:38:55.037Z
api-0a93b9fe-990e-49ef-9e6c-e678d2aa84c3,catalog.getPizzas,GET,/api/pizzas,200,116,5,0,PASS,116,,GTAA_BASELINE,gTAA,local-batch,0,NOT_AVAILABLE,NOT_AVAILABLE,api,api,ALL,2026-06-09T17:38:55.037Z
api-0a93b9fe-990e-49ef-9e6c-e678d2aa84c3,catalog.getPizzas,GET,/api/pizzas,200,136,5,0,PASS,136,,GTAA_BASELINE,gTAA,local-batch,0,NOT_AVAILABLE,NOT_AVAILABLE,api,api,ALL,2026-06-09T17:38:55.037Z
api-0a93b9fe-990e-49ef-9e6c-e678d2aa84c3,catalog.getPizzas,GET,/api/pizzas,200,120,5,0,PASS,120,,GTAA_BASELINE,gTAA,local-batch,0,NOT_AVAILABLE,NOT_AVAILABLE,api,api,ALL,2026-06-09T17:38:55.037Z
api-0a93b9fe-990e-49ef-9e6c-e678d2aa84c3,catalog.getPizzas,GET,/api/pizzas,200,131,5,0,PASS,131,,GTAA_BASELINE,gTAA,local-batch,0,NOT_AVAILABLE,NOT_AVAILABLE,api,api,ALL,2026-06-09T17:38:55.037Z
api-0a93b9fe-990e-49ef-9e6c-e678d2aa84c3,catalog.getPizzas,GET,/api/pizzas,200,116,5,0,PASS,116,,GTAA_BASELINE,gTAA,local-batch,0,NOT_AVAILABLE,NOT_AVAILABLE,api,api,ALL,2026-06-09T17:38:55.037Z
api-0a93b9fe-990e-49ef-9e6c-e678d2aa84c3,catalog.getPizzas,GET,/api/pizzas,200,110,5,0,PASS,110,,GTAA_BASELINE,gTAA,local-batch,0,NOT_AVAILABLE,NOT_AVAILABLE,api,api,ALL,2026-06-09T17:38:55.037Z
api-0a93b9fe-990e-49ef-9e6c-e678d2aa84c3,catalog.getPizzas,GET,/api/pizzas,200,111,5,0,PASS,111,,GTAA_BASELINE,gTAA,local-batch,0,NOT_AVAILABLE,NOT_AVAILABLE,api,api,ALL,2026-06-09T17:38:55.037Z
api-0a93b9fe-990e-49ef-9e6c-e678d2aa84c3,pizzaBuilder.listPizzas,GET,/api/pizzas,200,112,4,0,PASS,112,,GTAA_BASELINE,gTAA,local-batch,0,NOT_AVAILABLE,NOT_AVAILABLE,api,api,ALL,2026-06-09T17:38:55.037Z
api-0a93b9fe-990e-49ef-9e6c-e678d2aa84c3,pizzaBuilder.listPizzas,GET,/api/pizzas,200,114,4,0,PASS,114,,GTAA_BASELINE,gTAA,local-batch,0,NOT_AVAILABLE,NOT_AVAILABLE,api,api,ALL,2026-06-09T17:38:55.037Z
api-0a93b9fe-990e-49ef-9e6c-e678d2aa84c3,pizzaBuilder.listPizzas,GET,/api/pizzas,200,112,4,0,PASS,112,,GTAA_BASELINE,gTAA,local-batch,0,NOT_AVAILABLE,NOT_AVAILABLE,api,api,ALL,2026-06-09T17:38:55.037Z
api-0a93b9fe-990e-49ef-9e6c-e678d2aa84c3,pizzaBuilder.listPizzas,GET,/api/pizzas,200,116,4,0,PASS,116,,GTAA_BASELINE,gTAA,local-batch,0,NOT_AVAILABLE,NOT_AVAILABLE,api,api,ALL,2026-06-09T17:38:55.037Z
api-0a93b9fe-990e-49ef-9e6c-e678d2aa84c3,pizzaBuilder.listPizzas,GET,/api/pizzas,200,139,4,0,PASS,139,,GTAA_BASELINE,gTAA,local-batch,0,NOT_AVAILABLE,NOT_AVAILABLE,api,api,ALL,2026-06-09T17:38:55.037Z
api-0a93b9fe-990e-49ef-9e6c-e678d2aa84c3,profile.updateMe,PATCH,/api/users/me/profile,200,122,6,0,PASS,122,,GTAA_BASELINE,gTAA,local-batch,0,NOT_AVAILABLE,NOT_AVAILABLE,api,api,ALL,2026-06-09T17:38:55.037Z
api-0a93b9fe-990e-49ef-9e6c-e678d2aa84c3,profile.updateMe,PATCH,/api/users/me/profile,200,120,6,0,PASS,120,,GTAA_BASELINE,gTAA,local-batch,0,NOT_AVAILABLE,NOT_AVAILABLE,api,api,ALL,2026-06-09T17:38:55.037Z
api-0a93b9fe-990e-49ef-9e6c-e678d2aa84c3,profile.updateMe,PATCH,/api/users/me/profile,200,115,6,0,PASS,115,,GTAA_BASELINE,gTAA,local-batch,0,NOT_AVAILABLE,NOT_AVAILABLE,api,api,ALL,2026-06-09T17:38:55.037Z
api-0a93b9fe-990e-49ef-9e6c-e678d2aa84c3,profile.updateMe,PATCH,/api/users/me/profile,200,117,6,0,PASS,117,,GTAA_BASELINE,gTAA,local-batch,0,NOT_AVAILABLE,NOT_AVAILABLE,api,api,ALL,2026-06-09T17:38:55.037Z
api-0a93b9fe-990e-49ef-9e6c-e678d2aa84c3,profile.updateMe,PATCH,/api/users/me/profile,200,123,6,0,PASS,123,,GTAA_BASELINE,gTAA,local-batch,0,NOT_AVAILABLE,NOT_AVAILABLE,api,api,ALL,2026-06-09T17:38:55.037Z
api-1c65e9ff-63c3-4cf3-8d3b-919c4a2be2ca,catalog.getPizzas,GET,/api/pizzas,200,125,5,0,PASS,125,,GTAA_BASELINE,gTAA,local-batch,0,NOT_AVAILABLE,NOT_AVAILABLE,api,api,ALL,2026-06-09T17:38:55.037Z
api-1c65e9ff-63c3-4cf3-8d3b-919c4a2be2ca,catalog.getPizzas,GET,/api/pizzas,200,116,5,0,PASS,116,,GTAA_BASELINE,gTAA,local-batch,0,NOT_AVAILABLE,NOT_AVAILABLE,api,api,ALL,2026-06-09T17:38:55.037Z
api-1c65e9ff-63c3-4cf3-8d3b-919c4a2be2ca,catalog.getPizzas,GET,/api/pizzas,200,120,5,0,PASS,120,,GTAA_BASELINE,gTAA,local-batch,0,NOT_AVAILABLE,NOT_AVAILABLE,api,api,ALL,2026-06-09T17:38:55.037Z
api-1c65e9ff-63c3-4cf3-8d3b-919c4a2be2ca,catalog.getPizzas,GET,/api/pizzas,200,121,5,0,PASS,121,,GTAA_BASELINE,gTAA,local-batch,0,NOT_AVAILABLE,NOT_AVAILABLE,api,api,ALL,2026-06-09T17:38:55.037Z
api-1c65e9ff-63c3-4cf3-8d3b-919c4a2be2ca,catalog.getPizzas,GET,/api/pizzas,200,115,5,0,PASS,115,,GTAA_BASELINE,gTAA,local-batch,0,NOT_AVAILABLE,NOT_AVAILABLE,api,api,ALL,2026-06-09T17:38:55.037Z
api-1c65e9ff-63c3-4cf3-8d3b-919c4a2be2ca,catalog.getPizzas,GET,/api/pizzas,200,127,5,0,PASS,127,,GTAA_BASELINE,gTAA,local-batch,0,NOT_AVAILABLE,NOT_AVAILABLE,api,api,ALL,2026-06-09T17:38:55.037Z
api-1c65e9ff-63c3-4cf3-8d3b-919c4a2be2ca,catalog.getPizzas,GET,/api/pizzas,200,116,5,0,PASS,116,,GTAA_BASELINE,gTAA,local-batch,0,NOT_AVAILABLE,NOT_AVAILABLE,api,api,ALL,2026-06-09T17:38:55.037Z
api-1c65e9ff-63c3-4cf3-8d3b-919c4a2be2ca,catalog.getPizzas,GET,/api/pizzas,200,160,5,0,PASS,160,,GTAA_BASELINE,gTAA,local-batch,0,NOT_AVAILABLE,NOT_AVAILABLE,api,api,ALL,2026-06-09T17:38:55.037Z
api-1c65e9ff-63c3-4cf3-8d3b-919c4a2be2ca,catalog.getPizzas,GET,/api/pizzas,200,121,5,0,PASS,121,,GTAA_BASELINE,gTAA,local-batch,0,NOT_AVAILABLE,NOT_AVAILABLE,api,api,ALL,2026-06-09T17:38:55.037Z
api-1c65e9ff-63c3-4cf3-8d3b-919c4a2be2ca,catalog.getPizzas,GET,/api/pizzas,200,124,5,0,PASS,124,,GTAA_BASELINE,gTAA,local-batch,0,NOT_AVAILABLE,NOT_AVAILABLE,api,api,ALL,2026-06-09T17:38:55.037Z
api-1c65e9ff-63c3-4cf3-8d3b-919c4a2be2ca,catalog.getPizzas,GET,/api/pizzas,200,120,5,0,PASS,120,,GTAA_BASELINE,gTAA,local-batch,0,NOT_AVAILABLE,NOT_AVAILABLE,api,api,ALL,2026-06-09T17:38:55.037Z
api-1c65e9ff-63c3-4cf3-8d3b-919c4a2be2ca,catalog.getPizzas,GET,/api/pizzas,200,122,5,0,PASS,122,,GTAA_BASELINE,gTAA,local-batch,0,NOT_AVAILABLE,NOT_AVAILABLE,api,api,ALL,2026-06-09T17:38:55.037Z
api-1c65e9ff-63c3-4cf3-8d3b-919c4a2be2ca,catalog.getPizzas,GET,/api/pizzas,200,112,5,0,PASS,112,,GTAA_BASELINE,gTAA,local-batch,0,NOT_AVAILABLE,NOT_AVAILABLE,api,api,ALL,2026-06-09T17:38:55.037Z
api-1c65e9ff-63c3-4cf3-8d3b-919c4a2be2ca,catalog.getPizzas,GET,/api/pizzas,200,132,5,0,PASS,132,,GTAA_BASELINE,gTAA,local-batch,0,NOT_AVAILABLE,NOT_AVAILABLE,api,api,ALL,2026-06-09T17:38:55.037Z
api-1c65e9ff-63c3-4cf3-8d3b-919c4a2be2ca,catalog.getPizzas,GET,/api/pizzas,200,128,5,0,PASS,128,,GTAA_BASELINE,gTAA,local-batch,0,NOT_AVAILABLE,NOT_AVAILABLE,api,api,ALL,2026-06-09T17:38:55.037Z
api-1c65e9ff-63c3-4cf3-8d3b-919c4a2be2ca,catalog.getPizzas,GET,/api/pizzas,200,120,5,0,PASS,120,,GTAA_BASELINE,gTAA,local-batch,0,NOT_AVAILABLE,NOT_AVAILABLE,api,api,ALL,2026-06-09T17:38:55.037Z
api-1c65e9ff-63c3-4cf3-8d3b-919c4a2be2ca,catalog.getPizzas,GET,/api/pizzas,200,135,5,0,PASS,135,,GTAA_BASELINE,gTAA,local-batch,0,NOT_AVAILABLE,NOT_AVAILABLE,api,api,ALL,2026-06-09T17:38:55.037Z
api-1c65e9ff-63c3-4cf3-8d3b-919c4a2be2ca,catalog.getPizzas,GET,/api/pizzas,200,122,5,0,PASS,122,,GTAA_BASELINE,gTAA,local-batch,0,NOT_AVAILABLE,NOT_AVAILABLE,api,api,ALL,2026-06-09T17:38:55.037Z
api-1c65e9ff-63c3-4cf3-8d3b-919c4a2be2ca,catalog.getPizzas,GET,/api/pizzas,200,158,5,0,PASS,158,,GTAA_BASELINE,gTAA,local-batch,0,NOT_AVAILABLE,NOT_AVAILABLE,api,api,ALL,2026-06-09T17:38:55.037Z
api-1c65e9ff-63c3-4cf3-8d3b-919c4a2be2ca,catalog.getPizzas,GET,/api/pizzas,200,139,5,0,PASS,139,,GTAA_BASELINE,gTAA,local-batch,0,NOT_AVAILABLE,NOT_AVAILABLE,api,api,ALL,2026-06-09T17:38:55.037Z
api-1c65e9ff-63c3-4cf3-8d3b-919c4a2be2ca,pizzaBuilder.listPizzas,GET,/api/pizzas,200,119,4,0,PASS,119,,GTAA_BASELINE,gTAA,local-batch,0,NOT_AVAILABLE,NOT_AVAILABLE,api,api,ALL,2026-06-09T17:38:55.037Z
api-1c65e9ff-63c3-4cf3-8d3b-919c4a2be2ca,pizzaBuilder.listPizzas,GET,/api/pizzas,200,133,4,0,PASS,133,,GTAA_BASELINE,gTAA,local-batch,0,NOT_AVAILABLE,NOT_AVAILABLE,api,api,ALL,2026-06-09T17:38:55.037Z
api-1c65e9ff-63c3-4cf3-8d3b-919c4a2be2ca,pizzaBuilder.listPizzas,GET,/api/pizzas,200,127,4,0,PASS,127,,GTAA_BASELINE,gTAA,local-batch,0,NOT_AVAILABLE,NOT_AVAILABLE,api,api,ALL,2026-06-09T17:38:55.037Z
api-1c65e9ff-63c3-4cf3-8d3b-919c4a2be2ca,pizzaBuilder.listPizzas,GET,/api/pizzas,200,131,4,0,PASS,131,,GTAA_BASELINE,gTAA,local-batch,0,NOT_AVAILABLE,NOT_AVAILABLE,api,api,ALL,2026-06-09T17:38:55.037Z
api-1c65e9ff-63c3-4cf3-8d3b-919c4a2be2ca,pizzaBuilder.listPizzas,GET,/api/pizzas,200,134,4,0,PASS,134,,GTAA_BASELINE,gTAA,local-batch,0,NOT_AVAILABLE,NOT_AVAILABLE,api,api,ALL,2026-06-09T17:38:55.037Z
api-1c65e9ff-63c3-4cf3-8d3b-919c4a2be2ca,profile.updateMe,PATCH,/api/users/me/profile,200,120,6,0,PASS,120,,GTAA_BASELINE,gTAA,local-batch,0,NOT_AVAILABLE,NOT_AVAILABLE,api,api,ALL,2026-06-09T17:38:55.037Z
api-1c65e9ff-63c3-4cf3-8d3b-919c4a2be2ca,profile.updateMe,PATCH,/api/users/me/profile,200,120,6,0,PASS,120,,GTAA_BASELINE,gTAA,local-batch,0,NOT_AVAILABLE,NOT_AVAILABLE,api,api,ALL,2026-06-09T17:38:55.037Z
api-1c65e9ff-63c3-4cf3-8d3b-919c4a2be2ca,profile.updateMe,PATCH,/api/users/me/profile,200,115,6,0,PASS,115,,GTAA_BASELINE,gTAA,local-batch,0,NOT_AVAILABLE,NOT_AVAILABLE,api,api,ALL,2026-06-09T17:38:55.037Z
api-1c65e9ff-63c3-4cf3-8d3b-919c4a2be2ca,profile.updateMe,PATCH,/api/users/me/profile,200,116,6,0,PASS,116,,GTAA_BASELINE,gTAA,local-batch,0,NOT_AVAILABLE,NOT_AVAILABLE,api,api,ALL,2026-06-09T17:38:55.037Z
api-1c65e9ff-63c3-4cf3-8d3b-919c4a2be2ca,profile.updateMe,PATCH,/api/users/me/profile,200,116,6,0,PASS,116,,GTAA_BASELINE,gTAA,local-batch,0,NOT_AVAILABLE,NOT_AVAILABLE,api,api,ALL,2026-06-09T17:38:55.037Z
api-35ede90c-ddc2-4289-a065-9cd0e45d2116,catalog.getPizzas,GET,/api/pizzas,403,303,5,4,FAIL,303,API_RESPONSE_FAILURE,GTAA_BASELINE,gTAA,local-batch,0,NOT_AVAILABLE,NOT_AVAILABLE,api,api,ALL,2026-06-09T17:38:55.037Z
api-35ede90c-ddc2-4289-a065-9cd0e45d2116,catalog.getPizzas,GET,/api/pizzas,403,271,5,4,FAIL,271,API_RESPONSE_FAILURE,GTAA_BASELINE,gTAA,local-batch,0,NOT_AVAILABLE,NOT_AVAILABLE,api,api,ALL,2026-06-09T17:38:55.037Z
api-35ede90c-ddc2-4289-a065-9cd0e45d2116,catalog.getPizzas,GET,/api/pizzas,403,104,5,4,FAIL,104,API_RESPONSE_FAILURE,GTAA_BASELINE,gTAA,local-batch,0,NOT_AVAILABLE,NOT_AVAILABLE,api,api,ALL,2026-06-09T17:38:55.037Z
api-35ede90c-ddc2-4289-a065-9cd0e45d2116,catalog.getPizzas,GET,/api/pizzas,403,103,5,4,FAIL,103,API_RESPONSE_FAILURE,GTAA_BASELINE,gTAA,local-batch,0,NOT_AVAILABLE,NOT_AVAILABLE,api,api,ALL,2026-06-09T17:38:55.037Z
api-35ede90c-ddc2-4289-a065-9cd0e45d2116,catalog.getPizzas,GET,/api/pizzas,403,105,5,4,FAIL,105,API_RESPONSE_FAILURE,GTAA_BASELINE,gTAA,local-batch,0,NOT_AVAILABLE,NOT_AVAILABLE,api,api,ALL,2026-06-09T17:38:55.037Z
api-35ede90c-ddc2-4289-a065-9cd0e45d2116,catalog.getPizzas,GET,/api/pizzas,403,105,5,4,FAIL,105,API_RESPONSE_FAILURE,GTAA_BASELINE,gTAA,local-batch,0,NOT_AVAILABLE,NOT_AVAILABLE,api,api,ALL,2026-06-09T17:38:55.037Z
api-35ede90c-ddc2-4289-a065-9cd0e45d2116,catalog.getPizzas,GET,/api/pizzas,403,108,5,4,FAIL,108,API_RESPONSE_FAILURE,GTAA_BASELINE,gTAA,local-batch,0,NOT_AVAILABLE,NOT_AVAILABLE,api,api,ALL,2026-06-09T17:38:55.037Z
api-35ede90c-ddc2-4289-a065-9cd0e45d2116,catalog.getPizzas,GET,/api/pizzas,403,108,5,4,FAIL,108,API_RESPONSE_FAILURE,GTAA_BASELINE,gTAA,local-batch,0,NOT_AVAILABLE,NOT_AVAILABLE,api,api,ALL,2026-06-09T17:38:55.037Z
api-35ede90c-ddc2-4289-a065-9cd0e45d2116,catalog.getPizzas,GET,/api/pizzas,403,114,5,4,FAIL,114,API_RESPONSE_FAILURE,GTAA_BASELINE,gTAA,local-batch,0,NOT_AVAILABLE,NOT_AVAILABLE,api,api,ALL,2026-06-09T17:38:55.037Z
api-35ede90c-ddc2-4289-a065-9cd0e45d2116,catalog.getPizzas,GET,/api/pizzas,403,108,5,4,FAIL,108,API_RESPONSE_FAILURE,GTAA_BASELINE,gTAA,local-batch,0,NOT_AVAILABLE,NOT_AVAILABLE,api,api,ALL,2026-06-09T17:38:55.037Z
api-35ede90c-ddc2-4289-a065-9cd0e45d2116,catalog.getPizzas,GET,/api/pizzas,403,104,5,4,FAIL,104,API_RESPONSE_FAILURE,GTAA_BASELINE,gTAA,local-batch,0,NOT_AVAILABLE,NOT_AVAILABLE,api,api,ALL,2026-06-09T17:38:55.037Z
api-35ede90c-ddc2-4289-a065-9cd0e45d2116,catalog.getPizzas,GET,/api/pizzas,403,104,5,4,FAIL,104,API_RESPONSE_FAILURE,GTAA_BASELINE,gTAA,local-batch,0,NOT_AVAILABLE,NOT_AVAILABLE,api,api,ALL,2026-06-09T17:38:55.037Z
api-35ede90c-ddc2-4289-a065-9cd0e45d2116,catalog.getPizzas,GET,/api/pizzas,403,110,5,4,FAIL,110,API_RESPONSE_FAILURE,GTAA_BASELINE,gTAA,local-batch,0,NOT_AVAILABLE,NOT_AVAILABLE,api,api,ALL,2026-06-09T17:38:55.037Z
api-35ede90c-ddc2-4289-a065-9cd0e45d2116,catalog.getPizzas,GET,/api/pizzas,403,134,5,4,FAIL,134,API_RESPONSE_FAILURE,GTAA_BASELINE,gTAA,local-batch,0,NOT_AVAILABLE,NOT_AVAILABLE,api,api,ALL,2026-06-09T17:38:55.037Z
api-35ede90c-ddc2-4289-a065-9cd0e45d2116,catalog.getPizzas,GET,/api/pizzas,403,103,5,4,FAIL,103,API_RESPONSE_FAILURE,GTAA_BASELINE,gTAA,local-batch,0,NOT_AVAILABLE,NOT_AVAILABLE,api,api,ALL,2026-06-09T17:38:55.037Z
api-35ede90c-ddc2-4289-a065-9cd0e45d2116,checkout.placeOrder,POST,/api/CH//checkout/place-order,404,107,4,3,FAIL,107,API_RESPONSE_FAILURE,GTAA_BASELINE,gTAA,local-batch,0,NOT_AVAILABLE,NOT_AVAILABLE,api,api,ALL,2026-06-09T17:38:55.037Z
api-35ede90c-ddc2-4289-a065-9cd0e45d2116,checkout.placeOrder,POST,/api/CH//checkout/place-order,404,111,4,3,FAIL,111,API_RESPONSE_FAILURE,GTAA_BASELINE,gTAA,local-batch,0,NOT_AVAILABLE,NOT_AVAILABLE,api,api,ALL,2026-06-09T17:38:55.037Z
api-35ede90c-ddc2-4289-a065-9cd0e45d2116,checkout.placeOrder,POST,/api/JP//checkout/place-order,404,107,4,3,FAIL,107,API_RESPONSE_FAILURE,GTAA_BASELINE,gTAA,local-batch,0,NOT_AVAILABLE,NOT_AVAILABLE,api,api,ALL,2026-06-09T17:38:55.037Z
api-35ede90c-ddc2-4289-a065-9cd0e45d2116,checkout.placeOrder,POST,/api/JP//checkout/place-order,404,112,4,3,FAIL,112,API_RESPONSE_FAILURE,GTAA_BASELINE,gTAA,local-batch,0,NOT_AVAILABLE,NOT_AVAILABLE,api,api,ALL,2026-06-09T17:38:55.037Z
api-35ede90c-ddc2-4289-a065-9cd0e45d2116,checkout.placeOrder,POST,/api/MX//checkout/place-order,404,106,4,3,FAIL,106,API_RESPONSE_FAILURE,GTAA_BASELINE,gTAA,local-batch,0,NOT_AVAILABLE,NOT_AVAILABLE,api,api,ALL,2026-06-09T17:38:55.037Z
api-35ede90c-ddc2-4289-a065-9cd0e45d2116,checkout.placeOrder,POST,/api/MX//checkout/place-order,404,114,4,3,FAIL,114,API_RESPONSE_FAILURE,GTAA_BASELINE,gTAA,local-batch,0,NOT_AVAILABLE,NOT_AVAILABLE,api,api,ALL,2026-06-09T17:38:55.037Z
api-35ede90c-ddc2-4289-a065-9cd0e45d2116,checkout.placeOrder,POST,/api/US//checkout/place-order,404,131,4,3,FAIL,131,API_RESPONSE_FAILURE,GTAA_BASELINE,gTAA,local-batch,0,NOT_AVAILABLE,NOT_AVAILABLE,api,api,ALL,2026-06-09T17:38:55.037Z
api-35ede90c-ddc2-4289-a065-9cd0e45d2116,checkout.placeOrder,POST,/api/US//checkout/place-order,404,118,4,3,FAIL,118,API_RESPONSE_FAILURE,GTAA_BASELINE,gTAA,local-batch,0,NOT_AVAILABLE,NOT_AVAILABLE,api,api,ALL,2026-06-09T17:38:55.037Z
api-35ede90c-ddc2-4289-a065-9cd0e45d2116,login.authenticate,POST,/api/auth/login,200,654,3,0,PASS,654,,GTAA_BASELINE,gTAA,local-batch,0,NOT_AVAILABLE,NOT_AVAILABLE,api,api,ALL,2026-06-09T17:38:55.037Z
api-35ede90c-ddc2-4289-a065-9cd0e45d2116,login.authenticate,POST,/api/auth/login,200,109,3,0,PASS,109,,GTAA_BASELINE,gTAA,local-batch,0,NOT_AVAILABLE,NOT_AVAILABLE,api,api,ALL,2026-06-09T17:38:55.037Z
api-35ede90c-ddc2-4289-a065-9cd0e45d2116,login.authenticate,POST,/api/auth/login,200,105,3,0,PASS,105,,GTAA_BASELINE,gTAA,local-batch,0,NOT_AVAILABLE,NOT_AVAILABLE,api,api,ALL,2026-06-09T17:38:55.037Z
api-35ede90c-ddc2-4289-a065-9cd0e45d2116,login.authenticate,POST,/api/auth/login,200,109,3,0,PASS,109,,GTAA_BASELINE,gTAA,local-batch,0,NOT_AVAILABLE,NOT_AVAILABLE,api,api,ALL,2026-06-09T17:38:55.037Z
api-35ede90c-ddc2-4289-a065-9cd0e45d2116,login.authenticate,POST,/api/auth/login,200,112,3,0,PASS,112,,GTAA_BASELINE,gTAA,local-batch,0,NOT_AVAILABLE,NOT_AVAILABLE,api,api,ALL,2026-06-09T17:38:55.037Z
api-35ede90c-ddc2-4289-a065-9cd0e45d2116,login.authenticate,POST,/api/auth/login,200,107,3,0,PASS,107,,GTAA_BASELINE,gTAA,local-batch,0,NOT_AVAILABLE,NOT_AVAILABLE,api,api,ALL,2026-06-09T17:38:55.037Z
api-35ede90c-ddc2-4289-a065-9cd0e45d2116,login.authenticate,POST,/api/auth/login,200,115,3,0,PASS,115,,GTAA_BASELINE,gTAA,local-batch,0,NOT_AVAILABLE,NOT_AVAILABLE,api,api,ALL,2026-06-09T17:38:55.037Z
api-35ede90c-ddc2-4289-a065-9cd0e45d2116,login.authenticate,POST,/api/auth/login,200,108,3,0,PASS,108,,GTAA_BASELINE,gTAA,local-batch,0,NOT_AVAILABLE,NOT_AVAILABLE,api,api,ALL,2026-06-09T17:38:55.037Z
api-35ede90c-ddc2-4289-a065-9cd0e45d2116,login.authenticate,POST,/api/auth/login,200,117,3,0,PASS,117,,GTAA_BASELINE,gTAA,local-batch,0,NOT_AVAILABLE,NOT_AVAILABLE,api,api,ALL,2026-06-09T17:38:55.037Z
api-35ede90c-ddc2-4289-a065-9cd0e45d2116,login.authenticate,POST,/api/auth/login,200,135,3,0,PASS,135,,GTAA_BASELINE,gTAA,local-batch,0,NOT_AVAILABLE,NOT_AVAILABLE,api,api,ALL,2026-06-09T17:38:55.037Z
api-35ede90c-ddc2-4289-a065-9cd0e45d2116,login.authenticate,POST,/api/auth/login,200,106,3,0,PASS,106,,GTAA_BASELINE,gTAA,local-batch,0,NOT_AVAILABLE,NOT_AVAILABLE,api,api,ALL,2026-06-09T17:38:55.037Z
api-35ede90c-ddc2-4289-a065-9cd0e45d2116,login.authenticate,POST,/api/auth/login,200,112,3,0,PASS,112,,GTAA_BASELINE,gTAA,local-batch,0,NOT_AVAILABLE,NOT_AVAILABLE,api,api,ALL,2026-06-09T17:38:55.037Z
api-35ede90c-ddc2-4289-a065-9cd0e45d2116,login.authenticate,POST,/api/auth/login,200,106,3,0,PASS,106,,GTAA_BASELINE,gTAA,local-batch,0,NOT_AVAILABLE,NOT_AVAILABLE,api,api,ALL,2026-06-09T17:38:55.037Z
api-35ede90c-ddc2-4289-a065-9cd0e45d2116,login.authenticate,POST,/api/auth/login,200,105,3,0,PASS,105,,GTAA_BASELINE,gTAA,local-batch,0,NOT_AVAILABLE,NOT_AVAILABLE,api,api,ALL,2026-06-09T17:38:55.037Z
api-35ede90c-ddc2-4289-a065-9cd0e45d2116,login.authenticate,POST,/api/auth/login,200,134,3,0,PASS,134,,GTAA_BASELINE,gTAA,local-batch,0,NOT_AVAILABLE,NOT_AVAILABLE,api,api,ALL,2026-06-09T17:38:55.037Z
api-35ede90c-ddc2-4289-a065-9cd0e45d2116,login.authenticate,POST,/api/auth/login,200,109,3,0,PASS,109,,GTAA_BASELINE,gTAA,local-batch,0,NOT_AVAILABLE,NOT_AVAILABLE,api,api,ALL,2026-06-09T17:38:55.037Z
api-35ede90c-ddc2-4289-a065-9cd0e45d2116,login.authenticate,POST,/api/auth/login,200,112,3,0,PASS,112,,GTAA_BASELINE,gTAA,local-batch,0,NOT_AVAILABLE,NOT_AVAILABLE,api,api,ALL,2026-06-09T17:38:55.037Z
api-35ede90c-ddc2-4289-a065-9cd0e45d2116,login.authenticate,POST,/api/auth/login,200,107,3,0,PASS,107,,GTAA_BASELINE,gTAA,local-batch,0,NOT_AVAILABLE,NOT_AVAILABLE,api,api,ALL,2026-06-09T17:38:55.037Z
api-35ede90c-ddc2-4289-a065-9cd0e45d2116,login.authenticate,POST,/api/auth/login,200,109,3,0,PASS,109,,GTAA_BASELINE,gTAA,local-batch,0,NOT_AVAILABLE,NOT_AVAILABLE,api,api,ALL,2026-06-09T17:38:55.037Z
api-35ede90c-ddc2-4289-a065-9cd0e45d2116,login.authenticate,POST,/api/auth/login,200,108,3,0,PASS,108,,GTAA_BASELINE,gTAA,local-batch,0,NOT_AVAILABLE,NOT_AVAILABLE,api,api,ALL,2026-06-09T17:38:55.037Z
api-35ede90c-ddc2-4289-a065-9cd0e45d2116,login.authenticate,POST,/api/auth/login,200,105,3,0,PASS,105,,GTAA_BASELINE,gTAA,local-batch,0,NOT_AVAILABLE,NOT_AVAILABLE,api,api,ALL,2026-06-09T17:38:55.037Z
api-35ede90c-ddc2-4289-a065-9cd0e45d2116,login.authenticate,POST,/api/auth/login,200,106,3,0,PASS,106,,GTAA_BASELINE,gTAA,local-batch,0,NOT_AVAILABLE,NOT_AVAILABLE,api,api,ALL,2026-06-09T17:38:55.037Z
api-35ede90c-ddc2-4289-a065-9cd0e45d2116,login.authenticate,POST,/api/auth/login,200,134,3,0,PASS,134,,GTAA_BASELINE,gTAA,local-batch,0,NOT_AVAILABLE,NOT_AVAILABLE,api,api,ALL,2026-06-09T17:38:55.037Z
api-35ede90c-ddc2-4289-a065-9cd0e45d2116,login.authenticate,POST,/api/auth/login,200,106,3,0,PASS,106,,GTAA_BASELINE,gTAA,local-batch,0,NOT_AVAILABLE,NOT_AVAILABLE,api,api,ALL,2026-06-09T17:38:55.037Z
api-35ede90c-ddc2-4289-a065-9cd0e45d2116,login.authenticate,POST,/api/auth/login,200,103,3,0,PASS,103,,GTAA_BASELINE,gTAA,local-batch,0,NOT_AVAILABLE,NOT_AVAILABLE,api,api,ALL,2026-06-09T17:38:55.037Z
api-35ede90c-ddc2-4289-a065-9cd0e45d2116,login.authenticate,POST,/api/auth/login,200,112,3,0,PASS,112,,GTAA_BASELINE,gTAA,local-batch,0,NOT_AVAILABLE,NOT_AVAILABLE,api,api,ALL,2026-06-09T17:38:55.037Z
api-35ede90c-ddc2-4289-a065-9cd0e45d2116,login.authenticate,POST,/api/auth/login,200,122,3,0,PASS,122,,GTAA_BASELINE,gTAA,local-batch,0,NOT_AVAILABLE,NOT_AVAILABLE,api,api,ALL,2026-06-09T17:38:55.037Z
api-35ede90c-ddc2-4289-a065-9cd0e45d2116,login.authenticate,POST,/api/auth/login,200,107,3,0,PASS,107,,GTAA_BASELINE,gTAA,local-batch,0,NOT_AVAILABLE,NOT_AVAILABLE,api,api,ALL,2026-06-09T17:38:55.037Z
api-35ede90c-ddc2-4289-a065-9cd0e45d2116,login.authenticate,POST,/api/auth/login,200,111,3,0,PASS,111,,GTAA_BASELINE,gTAA,local-batch,0,NOT_AVAILABLE,NOT_AVAILABLE,api,api,ALL,2026-06-09T17:38:55.037Z
api-35ede90c-ddc2-4289-a065-9cd0e45d2116,login.authenticate,POST,/api/auth/login,200,112,3,0,PASS,112,,GTAA_BASELINE,gTAA,local-batch,0,NOT_AVAILABLE,NOT_AVAILABLE,api,api,ALL,2026-06-09T17:38:55.037Z
api-35ede90c-ddc2-4289-a065-9cd0e45d2116,login.authenticate,POST,/api/auth/login,200,107,3,0,PASS,107,,GTAA_BASELINE,gTAA,local-batch,0,NOT_AVAILABLE,NOT_AVAILABLE,api,api,ALL,2026-06-09T17:38:55.037Z
api-35ede90c-ddc2-4289-a065-9cd0e45d2116,login.authenticate,POST,/api/auth/login,200,109,3,0,PASS,109,,GTAA_BASELINE,gTAA,local-batch,0,NOT_AVAILABLE,NOT_AVAILABLE,api,api,ALL,2026-06-09T17:38:55.037Z
api-35ede90c-ddc2-4289-a065-9cd0e45d2116,login.authenticate,POST,/api/auth/login,200,107,3,0,PASS,107,,GTAA_BASELINE,gTAA,local-batch,0,NOT_AVAILABLE,NOT_AVAILABLE,api,api,ALL,2026-06-09T17:38:55.037Z
api-35ede90c-ddc2-4289-a065-9cd0e45d2116,login.authenticate.invalid,POST,/api/auth/login,422,116,4,2,FAIL,116,API_RESPONSE_FAILURE,GTAA_BASELINE,gTAA,local-batch,0,NOT_AVAILABLE,NOT_AVAILABLE,api,api,ALL,2026-06-09T17:38:55.037Z
api-35ede90c-ddc2-4289-a065-9cd0e45d2116,login.authenticate.invalid,POST,/api/auth/login,422,125,4,2,FAIL,125,API_RESPONSE_FAILURE,GTAA_BASELINE,gTAA,local-batch,0,NOT_AVAILABLE,NOT_AVAILABLE,api,api,ALL,2026-06-09T17:38:55.037Z
api-35ede90c-ddc2-4289-a065-9cd0e45d2116,login.authenticate.invalid,POST,/api/auth/login,422,121,4,2,FAIL,121,API_RESPONSE_FAILURE,GTAA_BASELINE,gTAA,local-batch,0,NOT_AVAILABLE,NOT_AVAILABLE,api,api,ALL,2026-06-09T17:38:55.037Z
api-35ede90c-ddc2-4289-a065-9cd0e45d2116,login.authenticate.invalid,POST,/api/auth/login,401,107,4,1,FAIL,107,API_CONTRACT_FAILURE,GTAA_BASELINE,gTAA,local-batch,0,NOT_AVAILABLE,NOT_AVAILABLE,api,api,ALL,2026-06-09T17:38:55.037Z
api-35ede90c-ddc2-4289-a065-9cd0e45d2116,login.authenticate.invalid,POST,/api/auth/login,403,103,4,1,FAIL,103,API_CONTRACT_FAILURE,GTAA_BASELINE,gTAA,local-batch,0,NOT_AVAILABLE,NOT_AVAILABLE,api,api,ALL,2026-06-09T17:38:55.037Z
api-35ede90c-ddc2-4289-a065-9cd0e45d2116,pizzaBuilder.listPizzas,GET,/api/pizzas,403,108,4,3,FAIL,108,API_RESPONSE_FAILURE,GTAA_BASELINE,gTAA,local-batch,0,NOT_AVAILABLE,NOT_AVAILABLE,api,api,ALL,2026-06-09T17:38:55.037Z
api-35ede90c-ddc2-4289-a065-9cd0e45d2116,pizzaBuilder.listPizzas,GET,/api/pizzas,403,106,4,3,FAIL,106,API_RESPONSE_FAILURE,GTAA_BASELINE,gTAA,local-batch,0,NOT_AVAILABLE,NOT_AVAILABLE,api,api,ALL,2026-06-09T17:38:55.037Z
api-35ede90c-ddc2-4289-a065-9cd0e45d2116,pizzaBuilder.listPizzas,GET,/api/pizzas,403,110,4,3,FAIL,110,API_RESPONSE_FAILURE,GTAA_BASELINE,gTAA,local-batch,0,NOT_AVAILABLE,NOT_AVAILABLE,api,api,ALL,2026-06-09T17:38:55.037Z
api-35ede90c-ddc2-4289-a065-9cd0e45d2116,pizzaBuilder.listPizzas,GET,/api/pizzas,403,124,4,3,FAIL,124,API_RESPONSE_FAILURE,GTAA_BASELINE,gTAA,local-batch,0,NOT_AVAILABLE,NOT_AVAILABLE,api,api,ALL,2026-06-09T17:38:55.037Z
api-35ede90c-ddc2-4289-a065-9cd0e45d2116,pizzaBuilder.listPizzas,GET,/api/pizzas,403,104,4,3,FAIL,104,API_RESPONSE_FAILURE,GTAA_BASELINE,gTAA,local-batch,0,NOT_AVAILABLE,NOT_AVAILABLE,api,api,ALL,2026-06-09T17:38:55.037Z
api-35ede90c-ddc2-4289-a065-9cd0e45d2116,profile.updateMe,PATCH,/api/users/me/profile,403,107,6,5,FAIL,107,API_RESPONSE_FAILURE,GTAA_BASELINE,gTAA,local-batch,0,NOT_AVAILABLE,NOT_AVAILABLE,api,api,ALL,2026-06-09T17:38:55.037Z
api-35ede90c-ddc2-4289-a065-9cd0e45d2116,profile.updateMe,PATCH,/api/users/me/profile,403,105,6,5,FAIL,105,API_RESPONSE_FAILURE,GTAA_BASELINE,gTAA,local-batch,0,NOT_AVAILABLE,NOT_AVAILABLE,api,api,ALL,2026-06-09T17:38:55.037Z
api-35ede90c-ddc2-4289-a065-9cd0e45d2116,profile.updateMe,PATCH,/api/users/me/profile,403,106,6,5,FAIL,106,API_RESPONSE_FAILURE,GTAA_BASELINE,gTAA,local-batch,0,NOT_AVAILABLE,NOT_AVAILABLE,api,api,ALL,2026-06-09T17:38:55.037Z
api-35ede90c-ddc2-4289-a065-9cd0e45d2116,profile.updateMe,PATCH,/api/users/me/profile,403,102,6,5,FAIL,102,API_RESPONSE_FAILURE,GTAA_BASELINE,gTAA,local-batch,0,NOT_AVAILABLE,NOT_AVAILABLE,api,api,ALL,2026-06-09T17:38:55.037Z
api-35ede90c-ddc2-4289-a065-9cd0e45d2116,profile.updateMe,PATCH,/api/users/me/profile,403,108,6,5,FAIL,108,API_RESPONSE_FAILURE,GTAA_BASELINE,gTAA,local-batch,0,NOT_AVAILABLE,NOT_AVAILABLE,api,api,ALL,2026-06-09T17:38:55.037Z
api-6fd4d534-a905-440d-9ee9-6bab3c59c99a,login.authenticate.invalid,POST,/api/auth/login,422,266,4,2,FAIL,266,API_RESPONSE_FAILURE,GTAA_BASELINE,gTAA,local-batch,0,NOT_AVAILABLE,NOT_AVAILABLE,api,api,ALL,2026-06-09T17:38:55.037Z
api-6fd4d534-a905-440d-9ee9-6bab3c59c99a,login.authenticate.invalid,POST,/api/auth/login,422,108,4,2,FAIL,108,API_RESPONSE_FAILURE,GTAA_BASELINE,gTAA,local-batch,0,NOT_AVAILABLE,NOT_AVAILABLE,api,api,ALL,2026-06-09T17:38:55.037Z
api-6fd4d534-a905-440d-9ee9-6bab3c59c99a,login.authenticate.invalid,POST,/api/auth/login,422,275,4,2,FAIL,275,API_RESPONSE_FAILURE,GTAA_BASELINE,gTAA,local-batch,0,NOT_AVAILABLE,NOT_AVAILABLE,api,api,ALL,2026-06-09T17:38:55.037Z
api-6fd4d534-a905-440d-9ee9-6bab3c59c99a,login.authenticate.invalid,POST,/api/auth/login,401,108,4,1,FAIL,108,API_CONTRACT_FAILURE,GTAA_BASELINE,gTAA,local-batch,0,NOT_AVAILABLE,NOT_AVAILABLE,api,api,ALL,2026-06-09T17:38:55.037Z
api-6fd4d534-a905-440d-9ee9-6bab3c59c99a,login.authenticate.invalid,POST,/api/auth/login,403,105,4,1,FAIL,105,API_CONTRACT_FAILURE,GTAA_BASELINE,gTAA,local-batch,0,NOT_AVAILABLE,NOT_AVAILABLE,api,api,ALL,2026-06-09T17:38:55.037Z
api-73a2147c-4af8-4f33-ab50-be21489cc1cd,login.authenticate,POST,/api/auth/login,200,251,3,1,FAIL,251,API_RESPONSE_FAILURE,GTAA_BASELINE,gTAA,local-batch,0,NOT_AVAILABLE,NOT_AVAILABLE,api,api,ALL,2026-06-09T17:38:55.037Z
api-73a2147c-4af8-4f33-ab50-be21489cc1cd,login.authenticate,POST,/api/auth/login,200,127,3,1,FAIL,127,API_RESPONSE_FAILURE,GTAA_BASELINE,gTAA,local-batch,0,NOT_AVAILABLE,NOT_AVAILABLE,api,api,ALL,2026-06-09T17:38:55.037Z
api-73a2147c-4af8-4f33-ab50-be21489cc1cd,login.authenticate,POST,/api/auth/login,200,265,3,1,FAIL,265,API_RESPONSE_FAILURE,GTAA_BASELINE,gTAA,local-batch,0,NOT_AVAILABLE,NOT_AVAILABLE,api,api,ALL,2026-06-09T17:38:55.037Z
api-73a2147c-4af8-4f33-ab50-be21489cc1cd,login.authenticate,POST,/api/auth/login,200,109,3,1,FAIL,109,API_RESPONSE_FAILURE,GTAA_BASELINE,gTAA,local-batch,0,NOT_AVAILABLE,NOT_AVAILABLE,api,api,ALL,2026-06-09T17:38:55.037Z
api-73a2147c-4af8-4f33-ab50-be21489cc1cd,login.authenticate,POST,/api/auth/login,200,113,3,1,FAIL,113,API_RESPONSE_FAILURE,GTAA_BASELINE,gTAA,local-batch,0,NOT_AVAILABLE,NOT_AVAILABLE,api,api,ALL,2026-06-09T17:38:55.037Z
api-73a2147c-4af8-4f33-ab50-be21489cc1cd,login.authenticate,POST,/api/auth/login,200,106,3,1,FAIL,106,API_RESPONSE_FAILURE,GTAA_BASELINE,gTAA,local-batch,0,NOT_AVAILABLE,NOT_AVAILABLE,api,api,ALL,2026-06-09T17:38:55.037Z
api-73a2147c-4af8-4f33-ab50-be21489cc1cd,login.authenticate,POST,/api/auth/login,200,108,3,1,FAIL,108,API_RESPONSE_FAILURE,GTAA_BASELINE,gTAA,local-batch,0,NOT_AVAILABLE,NOT_AVAILABLE,api,api,ALL,2026-06-09T17:38:55.037Z
api-73a2147c-4af8-4f33-ab50-be21489cc1cd,login.authenticate,POST,/api/auth/login,200,106,3,1,FAIL,106,API_RESPONSE_FAILURE,GTAA_BASELINE,gTAA,local-batch,0,NOT_AVAILABLE,NOT_AVAILABLE,api,api,ALL,2026-06-09T17:38:55.037Z
api-73a2147c-4af8-4f33-ab50-be21489cc1cd,login.authenticate,POST,/api/auth/login,200,104,3,1,FAIL,104,API_RESPONSE_FAILURE,GTAA_BASELINE,gTAA,local-batch,0,NOT_AVAILABLE,NOT_AVAILABLE,api,api,ALL,2026-06-09T17:38:55.037Z
api-73a2147c-4af8-4f33-ab50-be21489cc1cd,login.authenticate,POST,/api/auth/login,200,109,3,1,FAIL,109,API_RESPONSE_FAILURE,GTAA_BASELINE,gTAA,local-batch,0,NOT_AVAILABLE,NOT_AVAILABLE,api,api,ALL,2026-06-09T17:38:55.037Z
api-73a2147c-4af8-4f33-ab50-be21489cc1cd,login.authenticate,POST,/api/auth/login,200,106,3,1,FAIL,106,API_RESPONSE_FAILURE,GTAA_BASELINE,gTAA,local-batch,0,NOT_AVAILABLE,NOT_AVAILABLE,api,api,ALL,2026-06-09T17:38:55.037Z
api-73a2147c-4af8-4f33-ab50-be21489cc1cd,login.authenticate,POST,/api/auth/login,200,113,3,1,FAIL,113,API_RESPONSE_FAILURE,GTAA_BASELINE,gTAA,local-batch,0,NOT_AVAILABLE,NOT_AVAILABLE,api,api,ALL,2026-06-09T17:38:55.037Z
api-73a2147c-4af8-4f33-ab50-be21489cc1cd,login.authenticate,POST,/api/auth/login,200,108,3,1,FAIL,108,API_RESPONSE_FAILURE,GTAA_BASELINE,gTAA,local-batch,0,NOT_AVAILABLE,NOT_AVAILABLE,api,api,ALL,2026-06-09T17:38:55.037Z
api-73a2147c-4af8-4f33-ab50-be21489cc1cd,login.authenticate,POST,/api/auth/login,200,112,3,1,FAIL,112,API_RESPONSE_FAILURE,GTAA_BASELINE,gTAA,local-batch,0,NOT_AVAILABLE,NOT_AVAILABLE,api,api,ALL,2026-06-09T17:38:55.037Z
api-73a2147c-4af8-4f33-ab50-be21489cc1cd,login.authenticate,POST,/api/auth/login,200,124,3,1,FAIL,124,API_RESPONSE_FAILURE,GTAA_BASELINE,gTAA,local-batch,0,NOT_AVAILABLE,NOT_AVAILABLE,api,api,ALL,2026-06-09T17:38:55.037Z
api-73a2147c-4af8-4f33-ab50-be21489cc1cd,login.authenticate,POST,/api/auth/login,200,107,3,1,FAIL,107,API_RESPONSE_FAILURE,GTAA_BASELINE,gTAA,local-batch,0,NOT_AVAILABLE,NOT_AVAILABLE,api,api,ALL,2026-06-09T17:38:55.037Z
api-73a2147c-4af8-4f33-ab50-be21489cc1cd,login.authenticate,POST,/api/auth/login,200,106,3,1,FAIL,106,API_RESPONSE_FAILURE,GTAA_BASELINE,gTAA,local-batch,0,NOT_AVAILABLE,NOT_AVAILABLE,api,api,ALL,2026-06-09T17:38:55.037Z
api-73a2147c-4af8-4f33-ab50-be21489cc1cd,login.authenticate,POST,/api/auth/login,200,112,3,1,FAIL,112,API_RESPONSE_FAILURE,GTAA_BASELINE,gTAA,local-batch,0,NOT_AVAILABLE,NOT_AVAILABLE,api,api,ALL,2026-06-09T17:38:55.037Z
api-73a2147c-4af8-4f33-ab50-be21489cc1cd,login.authenticate,POST,/api/auth/login,200,111,3,1,FAIL,111,API_RESPONSE_FAILURE,GTAA_BASELINE,gTAA,local-batch,0,NOT_AVAILABLE,NOT_AVAILABLE,api,api,ALL,2026-06-09T17:38:55.037Z
api-73a2147c-4af8-4f33-ab50-be21489cc1cd,login.authenticate,POST,/api/auth/login,200,108,3,1,FAIL,108,API_RESPONSE_FAILURE,GTAA_BASELINE,gTAA,local-batch,0,NOT_AVAILABLE,NOT_AVAILABLE,api,api,ALL,2026-06-09T17:38:55.037Z
api-73a2147c-4af8-4f33-ab50-be21489cc1cd,login.authenticate,POST,/api/auth/login,200,111,3,1,FAIL,111,API_RESPONSE_FAILURE,GTAA_BASELINE,gTAA,local-batch,0,NOT_AVAILABLE,NOT_AVAILABLE,api,api,ALL,2026-06-09T17:38:55.037Z
api-73a2147c-4af8-4f33-ab50-be21489cc1cd,login.authenticate,POST,/api/auth/login,200,119,3,1,FAIL,119,API_RESPONSE_FAILURE,GTAA_BASELINE,gTAA,local-batch,0,NOT_AVAILABLE,NOT_AVAILABLE,api,api,ALL,2026-06-09T17:38:55.037Z
api-73a2147c-4af8-4f33-ab50-be21489cc1cd,login.authenticate,POST,/api/auth/login,200,106,3,1,FAIL,106,API_RESPONSE_FAILURE,GTAA_BASELINE,gTAA,local-batch,0,NOT_AVAILABLE,NOT_AVAILABLE,api,api,ALL,2026-06-09T17:38:55.037Z
api-73a2147c-4af8-4f33-ab50-be21489cc1cd,login.authenticate,POST,/api/auth/login,200,109,3,1,FAIL,109,API_RESPONSE_FAILURE,GTAA_BASELINE,gTAA,local-batch,0,NOT_AVAILABLE,NOT_AVAILABLE,api,api,ALL,2026-06-09T17:38:55.037Z
api-73a2147c-4af8-4f33-ab50-be21489cc1cd,login.authenticate,POST,/api/auth/login,200,111,3,1,FAIL,111,API_RESPONSE_FAILURE,GTAA_BASELINE,gTAA,local-batch,0,NOT_AVAILABLE,NOT_AVAILABLE,api,api,ALL,2026-06-09T17:38:55.037Z
api-73a2147c-4af8-4f33-ab50-be21489cc1cd,login.authenticate,POST,/api/auth/login,200,108,3,1,FAIL,108,API_RESPONSE_FAILURE,GTAA_BASELINE,gTAA,local-batch,0,NOT_AVAILABLE,NOT_AVAILABLE,api,api,ALL,2026-06-09T17:38:55.037Z
api-73a2147c-4af8-4f33-ab50-be21489cc1cd,login.authenticate,POST,/api/auth/login,200,103,3,1,FAIL,103,API_RESPONSE_FAILURE,GTAA_BASELINE,gTAA,local-batch,0,NOT_AVAILABLE,NOT_AVAILABLE,api,api,ALL,2026-06-09T17:38:55.037Z
api-73a2147c-4af8-4f33-ab50-be21489cc1cd,login.authenticate,POST,/api/auth/login,200,117,3,1,FAIL,117,API_RESPONSE_FAILURE,GTAA_BASELINE,gTAA,local-batch,0,NOT_AVAILABLE,NOT_AVAILABLE,api,api,ALL,2026-06-09T17:38:55.037Z
api-73a2147c-4af8-4f33-ab50-be21489cc1cd,login.authenticate,POST,/api/auth/login,200,120,3,1,FAIL,120,API_RESPONSE_FAILURE,GTAA_BASELINE,gTAA,local-batch,0,NOT_AVAILABLE,NOT_AVAILABLE,api,api,ALL,2026-06-09T17:38:55.037Z
api-73a2147c-4af8-4f33-ab50-be21489cc1cd,login.authenticate,POST,/api/auth/login,200,109,3,1,FAIL,109,API_RESPONSE_FAILURE,GTAA_BASELINE,gTAA,local-batch,0,NOT_AVAILABLE,NOT_AVAILABLE,api,api,ALL,2026-06-09T17:38:55.037Z
api-73a2147c-4af8-4f33-ab50-be21489cc1cd,login.authenticate,POST,/api/auth/login,200,113,3,1,FAIL,113,API_RESPONSE_FAILURE,GTAA_BASELINE,gTAA,local-batch,0,NOT_AVAILABLE,NOT_AVAILABLE,api,api,ALL,2026-06-09T17:38:55.037Z
api-73a2147c-4af8-4f33-ab50-be21489cc1cd,login.authenticate,POST,/api/auth/login,200,104,3,1,FAIL,104,API_RESPONSE_FAILURE,GTAA_BASELINE,gTAA,local-batch,0,NOT_AVAILABLE,NOT_AVAILABLE,api,api,ALL,2026-06-09T17:38:55.037Z
api-73a2147c-4af8-4f33-ab50-be21489cc1cd,login.authenticate,POST,/api/auth/login,200,109,3,1,FAIL,109,API_RESPONSE_FAILURE,GTAA_BASELINE,gTAA,local-batch,0,NOT_AVAILABLE,NOT_AVAILABLE,api,api,ALL,2026-06-09T17:38:55.037Z
api-73a2147c-4af8-4f33-ab50-be21489cc1cd,login.authenticate.invalid,POST,/api/auth/login,422,117,4,2,FAIL,117,API_RESPONSE_FAILURE,GTAA_BASELINE,gTAA,local-batch,0,NOT_AVAILABLE,NOT_AVAILABLE,api,api,ALL,2026-06-09T17:38:55.037Z
api-73a2147c-4af8-4f33-ab50-be21489cc1cd,login.authenticate.invalid,POST,/api/auth/login,422,105,4,2,FAIL,105,API_RESPONSE_FAILURE,GTAA_BASELINE,gTAA,local-batch,0,NOT_AVAILABLE,NOT_AVAILABLE,api,api,ALL,2026-06-09T17:38:55.037Z
api-73a2147c-4af8-4f33-ab50-be21489cc1cd,login.authenticate.invalid,POST,/api/auth/login,422,130,4,2,FAIL,130,API_RESPONSE_FAILURE,GTAA_BASELINE,gTAA,local-batch,0,NOT_AVAILABLE,NOT_AVAILABLE,api,api,ALL,2026-06-09T17:38:55.037Z
api-73a2147c-4af8-4f33-ab50-be21489cc1cd,login.authenticate.invalid,POST,/api/auth/login,401,109,4,1,FAIL,109,API_CONTRACT_FAILURE,GTAA_BASELINE,gTAA,local-batch,0,NOT_AVAILABLE,NOT_AVAILABLE,api,api,ALL,2026-06-09T17:38:55.037Z
api-73a2147c-4af8-4f33-ab50-be21489cc1cd,login.authenticate.invalid,POST,/api/auth/login,403,145,4,1,FAIL,145,API_CONTRACT_FAILURE,GTAA_BASELINE,gTAA,local-batch,0,NOT_AVAILABLE,NOT_AVAILABLE,api,api,ALL,2026-06-09T17:38:55.037Z
api-768ad8c1-3734-4439-ad88-fd8760b2a06d,catalog.getPizzas,GET,/api/pizzas,200,498,5,0,PASS,498,,GTAA_BASELINE,gTAA,local-batch,0,NOT_AVAILABLE,NOT_AVAILABLE,api,api,ALL,2026-06-09T17:38:55.037Z
api-768ad8c1-3734-4439-ad88-fd8760b2a06d,catalog.getPizzas,GET,/api/pizzas,200,199,5,0,PASS,199,,GTAA_BASELINE,gTAA,local-batch,0,NOT_AVAILABLE,NOT_AVAILABLE,api,api,ALL,2026-06-09T17:38:55.037Z
api-768ad8c1-3734-4439-ad88-fd8760b2a06d,catalog.getPizzas,GET,/api/pizzas,200,173,5,0,PASS,173,,GTAA_BASELINE,gTAA,local-batch,0,NOT_AVAILABLE,NOT_AVAILABLE,api,api,ALL,2026-06-09T17:38:55.037Z
api-768ad8c1-3734-4439-ad88-fd8760b2a06d,catalog.getPizzas,GET,/api/pizzas,200,181,5,0,PASS,181,,GTAA_BASELINE,gTAA,local-batch,0,NOT_AVAILABLE,NOT_AVAILABLE,api,api,ALL,2026-06-09T17:38:55.037Z
api-768ad8c1-3734-4439-ad88-fd8760b2a06d,catalog.getPizzas,GET,/api/pizzas,200,157,5,0,PASS,157,,GTAA_BASELINE,gTAA,local-batch,0,NOT_AVAILABLE,NOT_AVAILABLE,api,api,ALL,2026-06-09T17:38:55.037Z
api-768ad8c1-3734-4439-ad88-fd8760b2a06d,catalog.getPizzas,GET,/api/pizzas,200,139,5,0,PASS,139,,GTAA_BASELINE,gTAA,local-batch,0,NOT_AVAILABLE,NOT_AVAILABLE,api,api,ALL,2026-06-09T17:38:55.037Z
api-768ad8c1-3734-4439-ad88-fd8760b2a06d,catalog.getPizzas,GET,/api/pizzas,200,146,5,0,PASS,146,,GTAA_BASELINE,gTAA,local-batch,0,NOT_AVAILABLE,NOT_AVAILABLE,api,api,ALL,2026-06-09T17:38:55.037Z
api-768ad8c1-3734-4439-ad88-fd8760b2a06d,catalog.getPizzas,GET,/api/pizzas,200,151,5,0,PASS,151,,GTAA_BASELINE,gTAA,local-batch,0,NOT_AVAILABLE,NOT_AVAILABLE,api,api,ALL,2026-06-09T17:38:55.037Z
api-768ad8c1-3734-4439-ad88-fd8760b2a06d,catalog.getPizzas,GET,/api/pizzas,200,119,5,0,PASS,119,,GTAA_BASELINE,gTAA,local-batch,0,NOT_AVAILABLE,NOT_AVAILABLE,api,api,ALL,2026-06-09T17:38:55.037Z
api-768ad8c1-3734-4439-ad88-fd8760b2a06d,catalog.getPizzas,GET,/api/pizzas,200,1135,5,0,PASS,1135,,GTAA_BASELINE,gTAA,local-batch,0,NOT_AVAILABLE,NOT_AVAILABLE,api,api,ALL,2026-06-09T17:38:55.037Z
api-768ad8c1-3734-4439-ad88-fd8760b2a06d,catalog.getPizzas,GET,/api/pizzas,200,142,5,0,PASS,142,,GTAA_BASELINE,gTAA,local-batch,0,NOT_AVAILABLE,NOT_AVAILABLE,api,api,ALL,2026-06-09T17:38:55.037Z
api-768ad8c1-3734-4439-ad88-fd8760b2a06d,catalog.getPizzas,GET,/api/pizzas,200,180,5,0,PASS,180,,GTAA_BASELINE,gTAA,local-batch,0,NOT_AVAILABLE,NOT_AVAILABLE,api,api,ALL,2026-06-09T17:38:55.037Z
api-768ad8c1-3734-4439-ad88-fd8760b2a06d,catalog.getPizzas,GET,/api/pizzas,200,123,5,0,PASS,123,,GTAA_BASELINE,gTAA,local-batch,0,NOT_AVAILABLE,NOT_AVAILABLE,api,api,ALL,2026-06-09T17:38:55.037Z
api-768ad8c1-3734-4439-ad88-fd8760b2a06d,catalog.getPizzas,GET,/api/pizzas,200,167,5,0,PASS,167,,GTAA_BASELINE,gTAA,local-batch,0,NOT_AVAILABLE,NOT_AVAILABLE,api,api,ALL,2026-06-09T17:38:55.037Z
api-768ad8c1-3734-4439-ad88-fd8760b2a06d,catalog.getPizzas,GET,/api/pizzas,200,135,5,0,PASS,135,,GTAA_BASELINE,gTAA,local-batch,0,NOT_AVAILABLE,NOT_AVAILABLE,api,api,ALL,2026-06-09T17:38:55.037Z
api-768ad8c1-3734-4439-ad88-fd8760b2a06d,catalog.getPizzas,GET,/api/pizzas,200,163,5,0,PASS,163,,GTAA_BASELINE,gTAA,local-batch,0,NOT_AVAILABLE,NOT_AVAILABLE,api,api,ALL,2026-06-09T17:38:55.037Z
api-768ad8c1-3734-4439-ad88-fd8760b2a06d,catalog.getPizzas,GET,/api/pizzas,200,139,5,0,PASS,139,,GTAA_BASELINE,gTAA,local-batch,0,NOT_AVAILABLE,NOT_AVAILABLE,api,api,ALL,2026-06-09T17:38:55.037Z
api-768ad8c1-3734-4439-ad88-fd8760b2a06d,catalog.getPizzas,GET,/api/pizzas,200,120,5,0,PASS,120,,GTAA_BASELINE,gTAA,local-batch,0,NOT_AVAILABLE,NOT_AVAILABLE,api,api,ALL,2026-06-09T17:38:55.037Z
api-768ad8c1-3734-4439-ad88-fd8760b2a06d,catalog.getPizzas,GET,/api/pizzas,200,119,5,0,PASS,119,,GTAA_BASELINE,gTAA,local-batch,0,NOT_AVAILABLE,NOT_AVAILABLE,api,api,ALL,2026-06-09T17:38:55.037Z
api-768ad8c1-3734-4439-ad88-fd8760b2a06d,catalog.getPizzas,GET,/api/pizzas,200,121,5,0,PASS,121,,GTAA_BASELINE,gTAA,local-batch,0,NOT_AVAILABLE,NOT_AVAILABLE,api,api,ALL,2026-06-09T17:38:55.037Z
api-768ad8c1-3734-4439-ad88-fd8760b2a06d,pizzaBuilder.listPizzas,GET,/api/pizzas,200,127,4,0,PASS,127,,GTAA_BASELINE,gTAA,local-batch,0,NOT_AVAILABLE,NOT_AVAILABLE,api,api,ALL,2026-06-09T17:38:55.037Z
api-768ad8c1-3734-4439-ad88-fd8760b2a06d,pizzaBuilder.listPizzas,GET,/api/pizzas,200,124,4,0,PASS,124,,GTAA_BASELINE,gTAA,local-batch,0,NOT_AVAILABLE,NOT_AVAILABLE,api,api,ALL,2026-06-09T17:38:55.037Z
api-768ad8c1-3734-4439-ad88-fd8760b2a06d,pizzaBuilder.listPizzas,GET,/api/pizzas,200,140,4,0,PASS,140,,GTAA_BASELINE,gTAA,local-batch,0,NOT_AVAILABLE,NOT_AVAILABLE,api,api,ALL,2026-06-09T17:38:55.037Z
api-768ad8c1-3734-4439-ad88-fd8760b2a06d,pizzaBuilder.listPizzas,GET,/api/pizzas,200,205,4,0,PASS,205,,GTAA_BASELINE,gTAA,local-batch,0,NOT_AVAILABLE,NOT_AVAILABLE,api,api,ALL,2026-06-09T17:38:55.037Z
api-768ad8c1-3734-4439-ad88-fd8760b2a06d,pizzaBuilder.listPizzas,GET,/api/pizzas,200,124,4,0,PASS,124,,GTAA_BASELINE,gTAA,local-batch,0,NOT_AVAILABLE,NOT_AVAILABLE,api,api,ALL,2026-06-09T17:38:55.037Z
api-768ad8c1-3734-4439-ad88-fd8760b2a06d,profile.updateMe,PATCH,/api/users/me/profile,200,123,6,0,PASS,123,,GTAA_BASELINE,gTAA,local-batch,0,NOT_AVAILABLE,NOT_AVAILABLE,api,api,ALL,2026-06-09T17:38:55.037Z
api-768ad8c1-3734-4439-ad88-fd8760b2a06d,profile.updateMe,PATCH,/api/users/me/profile,200,146,6,0,PASS,146,,GTAA_BASELINE,gTAA,local-batch,0,NOT_AVAILABLE,NOT_AVAILABLE,api,api,ALL,2026-06-09T17:38:55.037Z
api-768ad8c1-3734-4439-ad88-fd8760b2a06d,profile.updateMe,PATCH,/api/users/me/profile,200,123,6,0,PASS,123,,GTAA_BASELINE,gTAA,local-batch,0,NOT_AVAILABLE,NOT_AVAILABLE,api,api,ALL,2026-06-09T17:38:55.037Z
api-768ad8c1-3734-4439-ad88-fd8760b2a06d,profile.updateMe,PATCH,/api/users/me/profile,200,120,6,0,PASS,120,,GTAA_BASELINE,gTAA,local-batch,0,NOT_AVAILABLE,NOT_AVAILABLE,api,api,ALL,2026-06-09T17:38:55.037Z
api-768ad8c1-3734-4439-ad88-fd8760b2a06d,profile.updateMe,PATCH,/api/users/me/profile,200,122,6,0,PASS,122,,GTAA_BASELINE,gTAA,local-batch,0,NOT_AVAILABLE,NOT_AVAILABLE,api,api,ALL,2026-06-09T17:38:55.037Z
api-b020a064-3999-43a6-851a-bb41089424bb,login.authenticate.invalid,POST,/api/auth/login,422,612,4,2,FAIL,612,API_RESPONSE_FAILURE,GTAA_BASELINE,gTAA,local-batch,0,NOT_AVAILABLE,NOT_AVAILABLE,api,api,ALL,2026-06-09T17:38:55.037Z
api-b020a064-3999-43a6-851a-bb41089424bb,login.authenticate.invalid,POST,/api/auth/login,422,114,4,2,FAIL,114,API_RESPONSE_FAILURE,GTAA_BASELINE,gTAA,local-batch,0,NOT_AVAILABLE,NOT_AVAILABLE,api,api,ALL,2026-06-09T17:38:55.037Z
api-b020a064-3999-43a6-851a-bb41089424bb,login.authenticate.invalid,POST,/api/auth/login,422,118,4,2,FAIL,118,API_RESPONSE_FAILURE,GTAA_BASELINE,gTAA,local-batch,0,NOT_AVAILABLE,NOT_AVAILABLE,api,api,ALL,2026-06-09T17:38:55.037Z
api-b020a064-3999-43a6-851a-bb41089424bb,login.authenticate.invalid,POST,/api/auth/login,401,123,4,1,FAIL,123,API_CONTRACT_FAILURE,GTAA_BASELINE,gTAA,local-batch,0,NOT_AVAILABLE,NOT_AVAILABLE,api,api,ALL,2026-06-09T17:38:55.037Z
api-b020a064-3999-43a6-851a-bb41089424bb,login.authenticate.invalid,POST,/api/auth/login,403,117,4,1,FAIL,117,API_CONTRACT_FAILURE,GTAA_BASELINE,gTAA,local-batch,0,NOT_AVAILABLE,NOT_AVAILABLE,api,api,ALL,2026-06-09T17:38:55.037Z
api-c4f53b76-0218-45e7-b7e6-fadbc49826ca,catalog.getPizzas,GET,/api/pizzas,200,116,5,0,PASS,116,,GTAA_BASELINE,gTAA,local-batch,0,NOT_AVAILABLE,NOT_AVAILABLE,api,api,ALL,2026-06-09T17:38:55.037Z
api-c4f53b76-0218-45e7-b7e6-fadbc49826ca,catalog.getPizzas,GET,/api/pizzas,200,122,5,0,PASS,122,,GTAA_BASELINE,gTAA,local-batch,0,NOT_AVAILABLE,NOT_AVAILABLE,api,api,ALL,2026-06-09T17:38:55.037Z
api-c4f53b76-0218-45e7-b7e6-fadbc49826ca,catalog.getPizzas,GET,/api/pizzas,200,118,5,0,PASS,118,,GTAA_BASELINE,gTAA,local-batch,0,NOT_AVAILABLE,NOT_AVAILABLE,api,api,ALL,2026-06-09T17:38:55.037Z
api-c4f53b76-0218-45e7-b7e6-fadbc49826ca,catalog.getPizzas,GET,/api/pizzas,200,123,5,0,PASS,123,,GTAA_BASELINE,gTAA,local-batch,0,NOT_AVAILABLE,NOT_AVAILABLE,api,api,ALL,2026-06-09T17:38:55.037Z
api-c4f53b76-0218-45e7-b7e6-fadbc49826ca,catalog.getPizzas,GET,/api/pizzas,200,117,5,0,PASS,117,,GTAA_BASELINE,gTAA,local-batch,0,NOT_AVAILABLE,NOT_AVAILABLE,api,api,ALL,2026-06-09T17:38:55.037Z
api-c4f53b76-0218-45e7-b7e6-fadbc49826ca,catalog.getPizzas,GET,/api/pizzas,200,117,5,0,PASS,117,,GTAA_BASELINE,gTAA,local-batch,0,NOT_AVAILABLE,NOT_AVAILABLE,api,api,ALL,2026-06-09T17:38:55.037Z
api-c4f53b76-0218-45e7-b7e6-fadbc49826ca,catalog.getPizzas,GET,/api/pizzas,200,115,5,0,PASS,115,,GTAA_BASELINE,gTAA,local-batch,0,NOT_AVAILABLE,NOT_AVAILABLE,api,api,ALL,2026-06-09T17:38:55.037Z
api-c4f53b76-0218-45e7-b7e6-fadbc49826ca,catalog.getPizzas,GET,/api/pizzas,200,112,5,0,PASS,112,,GTAA_BASELINE,gTAA,local-batch,0,NOT_AVAILABLE,NOT_AVAILABLE,api,api,ALL,2026-06-09T17:38:55.037Z
api-c4f53b76-0218-45e7-b7e6-fadbc49826ca,catalog.getPizzas,GET,/api/pizzas,200,121,5,0,PASS,121,,GTAA_BASELINE,gTAA,local-batch,0,NOT_AVAILABLE,NOT_AVAILABLE,api,api,ALL,2026-06-09T17:38:55.037Z
api-c4f53b76-0218-45e7-b7e6-fadbc49826ca,catalog.getPizzas,GET,/api/pizzas,200,114,5,0,PASS,114,,GTAA_BASELINE,gTAA,local-batch,0,NOT_AVAILABLE,NOT_AVAILABLE,api,api,ALL,2026-06-09T17:38:55.037Z
api-c4f53b76-0218-45e7-b7e6-fadbc49826ca,catalog.getPizzas,GET,/api/pizzas,200,114,5,0,PASS,114,,GTAA_BASELINE,gTAA,local-batch,0,NOT_AVAILABLE,NOT_AVAILABLE,api,api,ALL,2026-06-09T17:38:55.037Z
api-c4f53b76-0218-45e7-b7e6-fadbc49826ca,catalog.getPizzas,GET,/api/pizzas,200,120,5,0,PASS,120,,GTAA_BASELINE,gTAA,local-batch,0,NOT_AVAILABLE,NOT_AVAILABLE,api,api,ALL,2026-06-09T17:38:55.037Z
api-c4f53b76-0218-45e7-b7e6-fadbc49826ca,catalog.getPizzas,GET,/api/pizzas,200,118,5,0,PASS,118,,GTAA_BASELINE,gTAA,local-batch,0,NOT_AVAILABLE,NOT_AVAILABLE,api,api,ALL,2026-06-09T17:38:55.037Z
api-c4f53b76-0218-45e7-b7e6-fadbc49826ca,catalog.getPizzas,GET,/api/pizzas,200,113,5,0,PASS,113,,GTAA_BASELINE,gTAA,local-batch,0,NOT_AVAILABLE,NOT_AVAILABLE,api,api,ALL,2026-06-09T17:38:55.037Z
api-c4f53b76-0218-45e7-b7e6-fadbc49826ca,catalog.getPizzas,GET,/api/pizzas,200,114,5,0,PASS,114,,GTAA_BASELINE,gTAA,local-batch,0,NOT_AVAILABLE,NOT_AVAILABLE,api,api,ALL,2026-06-09T17:38:55.037Z
api-c4f53b76-0218-45e7-b7e6-fadbc49826ca,catalog.getPizzas,GET,/api/pizzas,200,111,5,0,PASS,111,,GTAA_BASELINE,gTAA,local-batch,0,NOT_AVAILABLE,NOT_AVAILABLE,api,api,ALL,2026-06-09T17:38:55.037Z
api-c4f53b76-0218-45e7-b7e6-fadbc49826ca,catalog.getPizzas,GET,/api/pizzas,200,114,5,0,PASS,114,,GTAA_BASELINE,gTAA,local-batch,0,NOT_AVAILABLE,NOT_AVAILABLE,api,api,ALL,2026-06-09T17:38:55.037Z
api-c4f53b76-0218-45e7-b7e6-fadbc49826ca,catalog.getPizzas,GET,/api/pizzas,200,135,5,0,PASS,135,,GTAA_BASELINE,gTAA,local-batch,0,NOT_AVAILABLE,NOT_AVAILABLE,api,api,ALL,2026-06-09T17:38:55.037Z
api-c4f53b76-0218-45e7-b7e6-fadbc49826ca,catalog.getPizzas,GET,/api/pizzas,200,124,5,0,PASS,124,,GTAA_BASELINE,gTAA,local-batch,0,NOT_AVAILABLE,NOT_AVAILABLE,api,api,ALL,2026-06-09T17:38:55.037Z
api-c4f53b76-0218-45e7-b7e6-fadbc49826ca,catalog.getPizzas,GET,/api/pizzas,200,122,5,0,PASS,122,,GTAA_BASELINE,gTAA,local-batch,0,NOT_AVAILABLE,NOT_AVAILABLE,api,api,ALL,2026-06-09T17:38:55.037Z
api-c4f53b76-0218-45e7-b7e6-fadbc49826ca,pizzaBuilder.listPizzas,GET,/api/pizzas,200,121,4,0,PASS,121,,GTAA_BASELINE,gTAA,local-batch,0,NOT_AVAILABLE,NOT_AVAILABLE,api,api,ALL,2026-06-09T17:38:55.037Z
api-c4f53b76-0218-45e7-b7e6-fadbc49826ca,pizzaBuilder.listPizzas,GET,/api/pizzas,200,146,4,0,PASS,146,,GTAA_BASELINE,gTAA,local-batch,0,NOT_AVAILABLE,NOT_AVAILABLE,api,api,ALL,2026-06-09T17:38:55.037Z
api-c4f53b76-0218-45e7-b7e6-fadbc49826ca,pizzaBuilder.listPizzas,GET,/api/pizzas,200,141,4,0,PASS,141,,GTAA_BASELINE,gTAA,local-batch,0,NOT_AVAILABLE,NOT_AVAILABLE,api,api,ALL,2026-06-09T17:38:55.037Z
api-c4f53b76-0218-45e7-b7e6-fadbc49826ca,pizzaBuilder.listPizzas,GET,/api/pizzas,200,121,4,0,PASS,121,,GTAA_BASELINE,gTAA,local-batch,0,NOT_AVAILABLE,NOT_AVAILABLE,api,api,ALL,2026-06-09T17:38:55.037Z
api-c4f53b76-0218-45e7-b7e6-fadbc49826ca,pizzaBuilder.listPizzas,GET,/api/pizzas,200,111,4,0,PASS,111,,GTAA_BASELINE,gTAA,local-batch,0,NOT_AVAILABLE,NOT_AVAILABLE,api,api,ALL,2026-06-09T17:38:55.037Z
api-c4f53b76-0218-45e7-b7e6-fadbc49826ca,profile.updateMe,PATCH,/api/users/me/profile,200,118,6,0,PASS,118,,GTAA_BASELINE,gTAA,local-batch,0,NOT_AVAILABLE,NOT_AVAILABLE,api,api,ALL,2026-06-09T17:38:55.037Z
api-c4f53b76-0218-45e7-b7e6-fadbc49826ca,profile.updateMe,PATCH,/api/users/me/profile,200,117,6,0,PASS,117,,GTAA_BASELINE,gTAA,local-batch,0,NOT_AVAILABLE,NOT_AVAILABLE,api,api,ALL,2026-06-09T17:38:55.037Z
api-c4f53b76-0218-45e7-b7e6-fadbc49826ca,profile.updateMe,PATCH,/api/users/me/profile,200,206,6,0,PASS,206,,GTAA_BASELINE,gTAA,local-batch,0,NOT_AVAILABLE,NOT_AVAILABLE,api,api,ALL,2026-06-09T17:38:55.037Z
api-c4f53b76-0218-45e7-b7e6-fadbc49826ca,profile.updateMe,PATCH,/api/users/me/profile,200,159,6,0,PASS,159,,GTAA_BASELINE,gTAA,local-batch,0,NOT_AVAILABLE,NOT_AVAILABLE,api,api,ALL,2026-06-09T17:38:55.037Z
api-c4f53b76-0218-45e7-b7e6-fadbc49826ca,profile.updateMe,PATCH,/api/users/me/profile,200,121,6,0,PASS,121,,GTAA_BASELINE,gTAA,local-batch,0,NOT_AVAILABLE,NOT_AVAILABLE,api,api,ALL,2026-06-09T17:38:55.037Z
api-c8bcc5a1-8092-487b-89ab-1ebc05ecc6ad,catalog.getPizzas,GET,/api/pizzas,200,109,5,0,PASS,109,,GTAA_BASELINE,gTAA,local-batch,0,NOT_AVAILABLE,NOT_AVAILABLE,api,api,ALL,2026-06-09T17:38:55.037Z
api-c8bcc5a1-8092-487b-89ab-1ebc05ecc6ad,catalog.getPizzas,GET,/api/pizzas,200,114,5,0,PASS,114,,GTAA_BASELINE,gTAA,local-batch,0,NOT_AVAILABLE,NOT_AVAILABLE,api,api,ALL,2026-06-09T17:38:55.037Z
api-c8bcc5a1-8092-487b-89ab-1ebc05ecc6ad,catalog.getPizzas,GET,/api/pizzas,200,113,5,0,PASS,113,,GTAA_BASELINE,gTAA,local-batch,0,NOT_AVAILABLE,NOT_AVAILABLE,api,api,ALL,2026-06-09T17:38:55.037Z
api-c8bcc5a1-8092-487b-89ab-1ebc05ecc6ad,catalog.getPizzas,GET,/api/pizzas,200,107,5,0,PASS,107,,GTAA_BASELINE,gTAA,local-batch,0,NOT_AVAILABLE,NOT_AVAILABLE,api,api,ALL,2026-06-09T17:38:55.037Z
api-c8bcc5a1-8092-487b-89ab-1ebc05ecc6ad,catalog.getPizzas,GET,/api/pizzas,200,110,5,0,PASS,110,,GTAA_BASELINE,gTAA,local-batch,0,NOT_AVAILABLE,NOT_AVAILABLE,api,api,ALL,2026-06-09T17:38:55.037Z
api-c8bcc5a1-8092-487b-89ab-1ebc05ecc6ad,catalog.getPizzas,GET,/api/pizzas,200,112,5,0,PASS,112,,GTAA_BASELINE,gTAA,local-batch,0,NOT_AVAILABLE,NOT_AVAILABLE,api,api,ALL,2026-06-09T17:38:55.037Z
api-c8bcc5a1-8092-487b-89ab-1ebc05ecc6ad,catalog.getPizzas,GET,/api/pizzas,200,122,5,0,PASS,122,,GTAA_BASELINE,gTAA,local-batch,0,NOT_AVAILABLE,NOT_AVAILABLE,api,api,ALL,2026-06-09T17:38:55.037Z
api-c8bcc5a1-8092-487b-89ab-1ebc05ecc6ad,catalog.getPizzas,GET,/api/pizzas,200,107,5,0,PASS,107,,GTAA_BASELINE,gTAA,local-batch,0,NOT_AVAILABLE,NOT_AVAILABLE,api,api,ALL,2026-06-09T17:38:55.037Z
api-c8bcc5a1-8092-487b-89ab-1ebc05ecc6ad,catalog.getPizzas,GET,/api/pizzas,200,110,5,0,PASS,110,,GTAA_BASELINE,gTAA,local-batch,0,NOT_AVAILABLE,NOT_AVAILABLE,api,api,ALL,2026-06-09T17:38:55.037Z
api-c8bcc5a1-8092-487b-89ab-1ebc05ecc6ad,catalog.getPizzas,GET,/api/pizzas,200,109,5,0,PASS,109,,GTAA_BASELINE,gTAA,local-batch,0,NOT_AVAILABLE,NOT_AVAILABLE,api,api,ALL,2026-06-09T17:38:55.037Z
api-c8bcc5a1-8092-487b-89ab-1ebc05ecc6ad,catalog.getPizzas,GET,/api/pizzas,200,115,5,0,PASS,115,,GTAA_BASELINE,gTAA,local-batch,0,NOT_AVAILABLE,NOT_AVAILABLE,api,api,ALL,2026-06-09T17:38:55.037Z
api-c8bcc5a1-8092-487b-89ab-1ebc05ecc6ad,catalog.getPizzas,GET,/api/pizzas,200,111,5,0,PASS,111,,GTAA_BASELINE,gTAA,local-batch,0,NOT_AVAILABLE,NOT_AVAILABLE,api,api,ALL,2026-06-09T17:38:55.037Z
api-c8bcc5a1-8092-487b-89ab-1ebc05ecc6ad,catalog.getPizzas,GET,/api/pizzas,200,105,5,0,PASS,105,,GTAA_BASELINE,gTAA,local-batch,0,NOT_AVAILABLE,NOT_AVAILABLE,api,api,ALL,2026-06-09T17:38:55.037Z
api-c8bcc5a1-8092-487b-89ab-1ebc05ecc6ad,catalog.getPizzas,GET,/api/pizzas,200,118,5,0,PASS,118,,GTAA_BASELINE,gTAA,local-batch,0,NOT_AVAILABLE,NOT_AVAILABLE,api,api,ALL,2026-06-09T17:38:55.037Z
api-c8bcc5a1-8092-487b-89ab-1ebc05ecc6ad,catalog.getPizzas,GET,/api/pizzas,200,102,5,0,PASS,102,,GTAA_BASELINE,gTAA,local-batch,0,NOT_AVAILABLE,NOT_AVAILABLE,api,api,ALL,2026-06-09T17:38:55.037Z
api-c8bcc5a1-8092-487b-89ab-1ebc05ecc6ad,catalog.getPizzas,GET,/api/pizzas,200,106,5,0,PASS,106,,GTAA_BASELINE,gTAA,local-batch,0,NOT_AVAILABLE,NOT_AVAILABLE,api,api,ALL,2026-06-09T17:38:55.037Z
api-c8bcc5a1-8092-487b-89ab-1ebc05ecc6ad,catalog.getPizzas,GET,/api/pizzas,200,108,5,0,PASS,108,,GTAA_BASELINE,gTAA,local-batch,0,NOT_AVAILABLE,NOT_AVAILABLE,api,api,ALL,2026-06-09T17:38:55.037Z
api-c8bcc5a1-8092-487b-89ab-1ebc05ecc6ad,catalog.getPizzas,GET,/api/pizzas,200,112,5,0,PASS,112,,GTAA_BASELINE,gTAA,local-batch,0,NOT_AVAILABLE,NOT_AVAILABLE,api,api,ALL,2026-06-09T17:38:55.037Z
api-c8bcc5a1-8092-487b-89ab-1ebc05ecc6ad,catalog.getPizzas,GET,/api/pizzas,200,104,5,0,PASS,104,,GTAA_BASELINE,gTAA,local-batch,0,NOT_AVAILABLE,NOT_AVAILABLE,api,api,ALL,2026-06-09T17:38:55.037Z
api-c8bcc5a1-8092-487b-89ab-1ebc05ecc6ad,catalog.getPizzas,GET,/api/pizzas,200,106,5,0,PASS,106,,GTAA_BASELINE,gTAA,local-batch,0,NOT_AVAILABLE,NOT_AVAILABLE,api,api,ALL,2026-06-09T17:38:55.037Z
api-c8bcc5a1-8092-487b-89ab-1ebc05ecc6ad,checkout.placeOrder,POST,/api/CH//checkout/place-order,404,114,4,3,FAIL,114,API_RESPONSE_FAILURE,GTAA_BASELINE,gTAA,local-batch,0,NOT_AVAILABLE,NOT_AVAILABLE,api,api,ALL,2026-06-09T17:38:55.037Z
api-c8bcc5a1-8092-487b-89ab-1ebc05ecc6ad,checkout.placeOrder,POST,/api/CH//checkout/place-order,404,108,4,3,FAIL,108,API_RESPONSE_FAILURE,GTAA_BASELINE,gTAA,local-batch,0,NOT_AVAILABLE,NOT_AVAILABLE,api,api,ALL,2026-06-09T17:38:55.037Z
api-c8bcc5a1-8092-487b-89ab-1ebc05ecc6ad,checkout.placeOrder,POST,/api/JP//checkout/place-order,404,119,4,3,FAIL,119,API_RESPONSE_FAILURE,GTAA_BASELINE,gTAA,local-batch,0,NOT_AVAILABLE,NOT_AVAILABLE,api,api,ALL,2026-06-09T17:38:55.037Z
api-c8bcc5a1-8092-487b-89ab-1ebc05ecc6ad,checkout.placeOrder,POST,/api/JP//checkout/place-order,404,143,4,3,FAIL,143,API_RESPONSE_FAILURE,GTAA_BASELINE,gTAA,local-batch,0,NOT_AVAILABLE,NOT_AVAILABLE,api,api,ALL,2026-06-09T17:38:55.037Z
api-c8bcc5a1-8092-487b-89ab-1ebc05ecc6ad,checkout.placeOrder,POST,/api/MX//checkout/place-order,404,113,4,3,FAIL,113,API_RESPONSE_FAILURE,GTAA_BASELINE,gTAA,local-batch,0,NOT_AVAILABLE,NOT_AVAILABLE,api,api,ALL,2026-06-09T17:38:55.037Z
api-c8bcc5a1-8092-487b-89ab-1ebc05ecc6ad,checkout.placeOrder,POST,/api/MX//checkout/place-order,404,117,4,3,FAIL,117,API_RESPONSE_FAILURE,GTAA_BASELINE,gTAA,local-batch,0,NOT_AVAILABLE,NOT_AVAILABLE,api,api,ALL,2026-06-09T17:38:55.037Z
api-c8bcc5a1-8092-487b-89ab-1ebc05ecc6ad,checkout.placeOrder,POST,/api/US//checkout/place-order,404,114,4,3,FAIL,114,API_RESPONSE_FAILURE,GTAA_BASELINE,gTAA,local-batch,0,NOT_AVAILABLE,NOT_AVAILABLE,api,api,ALL,2026-06-09T17:38:55.037Z
api-c8bcc5a1-8092-487b-89ab-1ebc05ecc6ad,checkout.placeOrder,POST,/api/US//checkout/place-order,404,111,4,3,FAIL,111,API_RESPONSE_FAILURE,GTAA_BASELINE,gTAA,local-batch,0,NOT_AVAILABLE,NOT_AVAILABLE,api,api,ALL,2026-06-09T17:38:55.037Z
api-c8bcc5a1-8092-487b-89ab-1ebc05ecc6ad,login.authenticate,POST,/api/auth/login,200,307,3,0,PASS,307,,GTAA_BASELINE,gTAA,local-batch,0,NOT_AVAILABLE,NOT_AVAILABLE,api,api,ALL,2026-06-09T17:38:55.037Z
api-c8bcc5a1-8092-487b-89ab-1ebc05ecc6ad,login.authenticate,POST,/api/auth/login,200,295,3,0,PASS,295,,GTAA_BASELINE,gTAA,local-batch,0,NOT_AVAILABLE,NOT_AVAILABLE,api,api,ALL,2026-06-09T17:38:55.037Z
api-c8bcc5a1-8092-487b-89ab-1ebc05ecc6ad,login.authenticate,POST,/api/auth/login,200,109,3,0,PASS,109,,GTAA_BASELINE,gTAA,local-batch,0,NOT_AVAILABLE,NOT_AVAILABLE,api,api,ALL,2026-06-09T17:38:55.037Z
api-c8bcc5a1-8092-487b-89ab-1ebc05ecc6ad,login.authenticate,POST,/api/auth/login,200,107,3,0,PASS,107,,GTAA_BASELINE,gTAA,local-batch,0,NOT_AVAILABLE,NOT_AVAILABLE,api,api,ALL,2026-06-09T17:38:55.037Z
api-c8bcc5a1-8092-487b-89ab-1ebc05ecc6ad,login.authenticate,POST,/api/auth/login,200,111,3,0,PASS,111,,GTAA_BASELINE,gTAA,local-batch,0,NOT_AVAILABLE,NOT_AVAILABLE,api,api,ALL,2026-06-09T17:38:55.037Z
api-c8bcc5a1-8092-487b-89ab-1ebc05ecc6ad,login.authenticate,POST,/api/auth/login,200,107,3,0,PASS,107,,GTAA_BASELINE,gTAA,local-batch,0,NOT_AVAILABLE,NOT_AVAILABLE,api,api,ALL,2026-06-09T17:38:55.037Z
api-c8bcc5a1-8092-487b-89ab-1ebc05ecc6ad,login.authenticate,POST,/api/auth/login,200,109,3,0,PASS,109,,GTAA_BASELINE,gTAA,local-batch,0,NOT_AVAILABLE,NOT_AVAILABLE,api,api,ALL,2026-06-09T17:38:55.037Z
api-c8bcc5a1-8092-487b-89ab-1ebc05ecc6ad,login.authenticate,POST,/api/auth/login,200,110,3,0,PASS,110,,GTAA_BASELINE,gTAA,local-batch,0,NOT_AVAILABLE,NOT_AVAILABLE,api,api,ALL,2026-06-09T17:38:55.037Z
api-c8bcc5a1-8092-487b-89ab-1ebc05ecc6ad,login.authenticate,POST,/api/auth/login,200,104,3,0,PASS,104,,GTAA_BASELINE,gTAA,local-batch,0,NOT_AVAILABLE,NOT_AVAILABLE,api,api,ALL,2026-06-09T17:38:55.037Z
api-c8bcc5a1-8092-487b-89ab-1ebc05ecc6ad,login.authenticate,POST,/api/auth/login,200,102,3,0,PASS,102,,GTAA_BASELINE,gTAA,local-batch,0,NOT_AVAILABLE,NOT_AVAILABLE,api,api,ALL,2026-06-09T17:38:55.037Z
api-c8bcc5a1-8092-487b-89ab-1ebc05ecc6ad,login.authenticate,POST,/api/auth/login,200,104,3,0,PASS,104,,GTAA_BASELINE,gTAA,local-batch,0,NOT_AVAILABLE,NOT_AVAILABLE,api,api,ALL,2026-06-09T17:38:55.037Z
api-c8bcc5a1-8092-487b-89ab-1ebc05ecc6ad,login.authenticate,POST,/api/auth/login,200,107,3,0,PASS,107,,GTAA_BASELINE,gTAA,local-batch,0,NOT_AVAILABLE,NOT_AVAILABLE,api,api,ALL,2026-06-09T17:38:55.037Z
api-c8bcc5a1-8092-487b-89ab-1ebc05ecc6ad,login.authenticate,POST,/api/auth/login,200,105,3,0,PASS,105,,GTAA_BASELINE,gTAA,local-batch,0,NOT_AVAILABLE,NOT_AVAILABLE,api,api,ALL,2026-06-09T17:38:55.037Z
api-c8bcc5a1-8092-487b-89ab-1ebc05ecc6ad,login.authenticate,POST,/api/auth/login,200,105,3,0,PASS,105,,GTAA_BASELINE,gTAA,local-batch,0,NOT_AVAILABLE,NOT_AVAILABLE,api,api,ALL,2026-06-09T17:38:55.037Z
api-c8bcc5a1-8092-487b-89ab-1ebc05ecc6ad,login.authenticate,POST,/api/auth/login,200,108,3,0,PASS,108,,GTAA_BASELINE,gTAA,local-batch,0,NOT_AVAILABLE,NOT_AVAILABLE,api,api,ALL,2026-06-09T17:38:55.037Z
api-c8bcc5a1-8092-487b-89ab-1ebc05ecc6ad,login.authenticate,POST,/api/auth/login,200,132,3,0,PASS,132,,GTAA_BASELINE,gTAA,local-batch,0,NOT_AVAILABLE,NOT_AVAILABLE,api,api,ALL,2026-06-09T17:38:55.037Z
api-c8bcc5a1-8092-487b-89ab-1ebc05ecc6ad,login.authenticate,POST,/api/auth/login,200,111,3,0,PASS,111,,GTAA_BASELINE,gTAA,local-batch,0,NOT_AVAILABLE,NOT_AVAILABLE,api,api,ALL,2026-06-09T17:38:55.037Z
api-c8bcc5a1-8092-487b-89ab-1ebc05ecc6ad,login.authenticate,POST,/api/auth/login,200,110,3,0,PASS,110,,GTAA_BASELINE,gTAA,local-batch,0,NOT_AVAILABLE,NOT_AVAILABLE,api,api,ALL,2026-06-09T17:38:55.037Z
api-c8bcc5a1-8092-487b-89ab-1ebc05ecc6ad,login.authenticate,POST,/api/auth/login,200,105,3,0,PASS,105,,GTAA_BASELINE,gTAA,local-batch,0,NOT_AVAILABLE,NOT_AVAILABLE,api,api,ALL,2026-06-09T17:38:55.037Z
api-c8bcc5a1-8092-487b-89ab-1ebc05ecc6ad,login.authenticate,POST,/api/auth/login,200,113,3,0,PASS,113,,GTAA_BASELINE,gTAA,local-batch,0,NOT_AVAILABLE,NOT_AVAILABLE,api,api,ALL,2026-06-09T17:38:55.037Z
api-c8bcc5a1-8092-487b-89ab-1ebc05ecc6ad,login.authenticate,POST,/api/auth/login,200,104,3,0,PASS,104,,GTAA_BASELINE,gTAA,local-batch,0,NOT_AVAILABLE,NOT_AVAILABLE,api,api,ALL,2026-06-09T17:38:55.037Z
api-c8bcc5a1-8092-487b-89ab-1ebc05ecc6ad,login.authenticate,POST,/api/auth/login,200,110,3,0,PASS,110,,GTAA_BASELINE,gTAA,local-batch,0,NOT_AVAILABLE,NOT_AVAILABLE,api,api,ALL,2026-06-09T17:38:55.037Z
api-c8bcc5a1-8092-487b-89ab-1ebc05ecc6ad,login.authenticate,POST,/api/auth/login,200,121,3,0,PASS,121,,GTAA_BASELINE,gTAA,local-batch,0,NOT_AVAILABLE,NOT_AVAILABLE,api,api,ALL,2026-06-09T17:38:55.037Z
api-c8bcc5a1-8092-487b-89ab-1ebc05ecc6ad,login.authenticate,POST,/api/auth/login,200,105,3,0,PASS,105,,GTAA_BASELINE,gTAA,local-batch,0,NOT_AVAILABLE,NOT_AVAILABLE,api,api,ALL,2026-06-09T17:38:55.037Z
api-c8bcc5a1-8092-487b-89ab-1ebc05ecc6ad,login.authenticate,POST,/api/auth/login,200,107,3,0,PASS,107,,GTAA_BASELINE,gTAA,local-batch,0,NOT_AVAILABLE,NOT_AVAILABLE,api,api,ALL,2026-06-09T17:38:55.037Z
api-c8bcc5a1-8092-487b-89ab-1ebc05ecc6ad,login.authenticate,POST,/api/auth/login,200,109,3,0,PASS,109,,GTAA_BASELINE,gTAA,local-batch,0,NOT_AVAILABLE,NOT_AVAILABLE,api,api,ALL,2026-06-09T17:38:55.037Z
api-c8bcc5a1-8092-487b-89ab-1ebc05ecc6ad,login.authenticate,POST,/api/auth/login,200,112,3,0,PASS,112,,GTAA_BASELINE,gTAA,local-batch,0,NOT_AVAILABLE,NOT_AVAILABLE,api,api,ALL,2026-06-09T17:38:55.037Z
api-c8bcc5a1-8092-487b-89ab-1ebc05ecc6ad,login.authenticate,POST,/api/auth/login,200,116,3,0,PASS,116,,GTAA_BASELINE,gTAA,local-batch,0,NOT_AVAILABLE,NOT_AVAILABLE,api,api,ALL,2026-06-09T17:38:55.037Z
api-c8bcc5a1-8092-487b-89ab-1ebc05ecc6ad,login.authenticate,POST,/api/auth/login,200,103,3,0,PASS,103,,GTAA_BASELINE,gTAA,local-batch,0,NOT_AVAILABLE,NOT_AVAILABLE,api,api,ALL,2026-06-09T17:38:55.037Z
api-c8bcc5a1-8092-487b-89ab-1ebc05ecc6ad,login.authenticate,POST,/api/auth/login,200,104,3,0,PASS,104,,GTAA_BASELINE,gTAA,local-batch,0,NOT_AVAILABLE,NOT_AVAILABLE,api,api,ALL,2026-06-09T17:38:55.037Z
api-c8bcc5a1-8092-487b-89ab-1ebc05ecc6ad,login.authenticate,POST,/api/auth/login,200,118,3,0,PASS,118,,GTAA_BASELINE,gTAA,local-batch,0,NOT_AVAILABLE,NOT_AVAILABLE,api,api,ALL,2026-06-09T17:38:55.037Z
api-c8bcc5a1-8092-487b-89ab-1ebc05ecc6ad,login.authenticate,POST,/api/auth/login,200,109,3,0,PASS,109,,GTAA_BASELINE,gTAA,local-batch,0,NOT_AVAILABLE,NOT_AVAILABLE,api,api,ALL,2026-06-09T17:38:55.037Z
api-c8bcc5a1-8092-487b-89ab-1ebc05ecc6ad,login.authenticate,POST,/api/auth/login,200,109,3,0,PASS,109,,GTAA_BASELINE,gTAA,local-batch,0,NOT_AVAILABLE,NOT_AVAILABLE,api,api,ALL,2026-06-09T17:38:55.037Z
api-c8bcc5a1-8092-487b-89ab-1ebc05ecc6ad,login.authenticate.invalid,POST,/api/auth/login,422,116,4,2,FAIL,116,API_RESPONSE_FAILURE,GTAA_BASELINE,gTAA,local-batch,0,NOT_AVAILABLE,NOT_AVAILABLE,api,api,ALL,2026-06-09T17:38:55.037Z
api-c8bcc5a1-8092-487b-89ab-1ebc05ecc6ad,login.authenticate.invalid,POST,/api/auth/login,422,107,4,2,FAIL,107,API_RESPONSE_FAILURE,GTAA_BASELINE,gTAA,local-batch,0,NOT_AVAILABLE,NOT_AVAILABLE,api,api,ALL,2026-06-09T17:38:55.037Z
api-c8bcc5a1-8092-487b-89ab-1ebc05ecc6ad,login.authenticate.invalid,POST,/api/auth/login,422,114,4,2,FAIL,114,API_RESPONSE_FAILURE,GTAA_BASELINE,gTAA,local-batch,0,NOT_AVAILABLE,NOT_AVAILABLE,api,api,ALL,2026-06-09T17:38:55.037Z
api-c8bcc5a1-8092-487b-89ab-1ebc05ecc6ad,login.authenticate.invalid,POST,/api/auth/login,401,104,4,1,FAIL,104,API_CONTRACT_FAILURE,GTAA_BASELINE,gTAA,local-batch,0,NOT_AVAILABLE,NOT_AVAILABLE,api,api,ALL,2026-06-09T17:38:55.037Z
api-c8bcc5a1-8092-487b-89ab-1ebc05ecc6ad,login.authenticate.invalid,POST,/api/auth/login,403,113,4,1,FAIL,113,API_CONTRACT_FAILURE,GTAA_BASELINE,gTAA,local-batch,0,NOT_AVAILABLE,NOT_AVAILABLE,api,api,ALL,2026-06-09T17:38:55.037Z
api-c8bcc5a1-8092-487b-89ab-1ebc05ecc6ad,pizzaBuilder.addCustomizedToCart,POST,/api/cart,422,127,5,4,FAIL,127,API_RESPONSE_FAILURE,GTAA_BASELINE,gTAA,local-batch,0,NOT_AVAILABLE,NOT_AVAILABLE,api,api,ALL,2026-06-09T17:38:55.037Z
api-c8bcc5a1-8092-487b-89ab-1ebc05ecc6ad,pizzaBuilder.addCustomizedToCart,POST,/api/cart,422,113,5,4,FAIL,113,API_RESPONSE_FAILURE,GTAA_BASELINE,gTAA,local-batch,0,NOT_AVAILABLE,NOT_AVAILABLE,api,api,ALL,2026-06-09T17:38:55.037Z
api-c8bcc5a1-8092-487b-89ab-1ebc05ecc6ad,pizzaBuilder.addCustomizedToCart,POST,/api/cart,422,111,5,4,FAIL,111,API_RESPONSE_FAILURE,GTAA_BASELINE,gTAA,local-batch,0,NOT_AVAILABLE,NOT_AVAILABLE,api,api,ALL,2026-06-09T17:38:55.037Z
api-c8bcc5a1-8092-487b-89ab-1ebc05ecc6ad,pizzaBuilder.addCustomizedToCart,POST,/api/cart,422,110,5,4,FAIL,110,API_RESPONSE_FAILURE,GTAA_BASELINE,gTAA,local-batch,0,NOT_AVAILABLE,NOT_AVAILABLE,api,api,ALL,2026-06-09T17:38:55.037Z
api-c8bcc5a1-8092-487b-89ab-1ebc05ecc6ad,pizzaBuilder.addCustomizedToCart,POST,/api/cart,422,107,5,4,FAIL,107,API_RESPONSE_FAILURE,GTAA_BASELINE,gTAA,local-batch,0,NOT_AVAILABLE,NOT_AVAILABLE,api,api,ALL,2026-06-09T17:38:55.037Z
api-c8bcc5a1-8092-487b-89ab-1ebc05ecc6ad,pizzaBuilder.listPizzas,GET,/api/pizzas,200,111,4,0,PASS,111,,GTAA_BASELINE,gTAA,local-batch,0,NOT_AVAILABLE,NOT_AVAILABLE,api,api,ALL,2026-06-09T17:38:55.037Z
api-c8bcc5a1-8092-487b-89ab-1ebc05ecc6ad,pizzaBuilder.listPizzas,GET,/api/pizzas,200,119,4,0,PASS,119,,GTAA_BASELINE,gTAA,local-batch,0,NOT_AVAILABLE,NOT_AVAILABLE,api,api,ALL,2026-06-09T17:38:55.037Z
api-c8bcc5a1-8092-487b-89ab-1ebc05ecc6ad,pizzaBuilder.listPizzas,GET,/api/pizzas,200,115,4,0,PASS,115,,GTAA_BASELINE,gTAA,local-batch,0,NOT_AVAILABLE,NOT_AVAILABLE,api,api,ALL,2026-06-09T17:38:55.037Z
api-c8bcc5a1-8092-487b-89ab-1ebc05ecc6ad,pizzaBuilder.listPizzas,GET,/api/pizzas,200,126,4,0,PASS,126,,GTAA_BASELINE,gTAA,local-batch,0,NOT_AVAILABLE,NOT_AVAILABLE,api,api,ALL,2026-06-09T17:38:55.037Z
api-c8bcc5a1-8092-487b-89ab-1ebc05ecc6ad,pizzaBuilder.listPizzas,GET,/api/pizzas,200,110,4,0,PASS,110,,GTAA_BASELINE,gTAA,local-batch,0,NOT_AVAILABLE,NOT_AVAILABLE,api,api,ALL,2026-06-09T17:38:55.037Z
api-c8bcc5a1-8092-487b-89ab-1ebc05ecc6ad,profile.updateMe,PATCH,/api/users/me/profile,200,110,6,0,PASS,110,,GTAA_BASELINE,gTAA,local-batch,0,NOT_AVAILABLE,NOT_AVAILABLE,api,api,ALL,2026-06-09T17:38:55.037Z
api-c8bcc5a1-8092-487b-89ab-1ebc05ecc6ad,profile.updateMe,PATCH,/api/users/me/profile,200,110,6,0,PASS,110,,GTAA_BASELINE,gTAA,local-batch,0,NOT_AVAILABLE,NOT_AVAILABLE,api,api,ALL,2026-06-09T17:38:55.037Z
api-c8bcc5a1-8092-487b-89ab-1ebc05ecc6ad,profile.updateMe,PATCH,/api/users/me/profile,200,114,6,0,PASS,114,,GTAA_BASELINE,gTAA,local-batch,0,NOT_AVAILABLE,NOT_AVAILABLE,api,api,ALL,2026-06-09T17:38:55.037Z
api-c8bcc5a1-8092-487b-89ab-1ebc05ecc6ad,profile.updateMe,PATCH,/api/users/me/profile,200,111,6,0,PASS,111,,GTAA_BASELINE,gTAA,local-batch,0,NOT_AVAILABLE,NOT_AVAILABLE,api,api,ALL,2026-06-09T17:38:55.037Z
api-c8bcc5a1-8092-487b-89ab-1ebc05ecc6ad,profile.updateMe,PATCH,/api/users/me/profile,200,110,6,0,PASS,110,,GTAA_BASELINE,gTAA,local-batch,0,NOT_AVAILABLE,NOT_AVAILABLE,api,api,ALL,2026-06-09T17:38:55.037Z
api-e29b46e9-ed2f-4945-9532-9a454263e21e,catalog.getPizzas,GET,/api/pizzas,200,163,5,0,PASS,163,,GTAA_BASELINE,gTAA,local-batch,0,NOT_AVAILABLE,NOT_AVAILABLE,api,api,ALL,2026-06-09T17:38:55.037Z
api-e29b46e9-ed2f-4945-9532-9a454263e21e,catalog.getPizzas,GET,/api/pizzas,200,113,5,0,PASS,113,,GTAA_BASELINE,gTAA,local-batch,0,NOT_AVAILABLE,NOT_AVAILABLE,api,api,ALL,2026-06-09T17:38:55.037Z
api-e29b46e9-ed2f-4945-9532-9a454263e21e,catalog.getPizzas,GET,/api/pizzas,200,112,5,0,PASS,112,,GTAA_BASELINE,gTAA,local-batch,0,NOT_AVAILABLE,NOT_AVAILABLE,api,api,ALL,2026-06-09T17:38:55.037Z
api-e29b46e9-ed2f-4945-9532-9a454263e21e,catalog.getPizzas,GET,/api/pizzas,200,124,5,0,PASS,124,,GTAA_BASELINE,gTAA,local-batch,0,NOT_AVAILABLE,NOT_AVAILABLE,api,api,ALL,2026-06-09T17:38:55.037Z
api-e29b46e9-ed2f-4945-9532-9a454263e21e,catalog.getPizzas,GET,/api/pizzas,200,114,5,0,PASS,114,,GTAA_BASELINE,gTAA,local-batch,0,NOT_AVAILABLE,NOT_AVAILABLE,api,api,ALL,2026-06-09T17:38:55.037Z
api-e29b46e9-ed2f-4945-9532-9a454263e21e,catalog.getPizzas,GET,/api/pizzas,200,115,5,0,PASS,115,,GTAA_BASELINE,gTAA,local-batch,0,NOT_AVAILABLE,NOT_AVAILABLE,api,api,ALL,2026-06-09T17:38:55.037Z
api-e29b46e9-ed2f-4945-9532-9a454263e21e,catalog.getPizzas,GET,/api/pizzas,200,123,5,0,PASS,123,,GTAA_BASELINE,gTAA,local-batch,0,NOT_AVAILABLE,NOT_AVAILABLE,api,api,ALL,2026-06-09T17:38:55.037Z
api-e29b46e9-ed2f-4945-9532-9a454263e21e,catalog.getPizzas,GET,/api/pizzas,200,120,5,0,PASS,120,,GTAA_BASELINE,gTAA,local-batch,0,NOT_AVAILABLE,NOT_AVAILABLE,api,api,ALL,2026-06-09T17:38:55.037Z
api-e29b46e9-ed2f-4945-9532-9a454263e21e,catalog.getPizzas,GET,/api/pizzas,200,118,5,0,PASS,118,,GTAA_BASELINE,gTAA,local-batch,0,NOT_AVAILABLE,NOT_AVAILABLE,api,api,ALL,2026-06-09T17:38:55.037Z
api-e29b46e9-ed2f-4945-9532-9a454263e21e,catalog.getPizzas,GET,/api/pizzas,200,116,5,0,PASS,116,,GTAA_BASELINE,gTAA,local-batch,0,NOT_AVAILABLE,NOT_AVAILABLE,api,api,ALL,2026-06-09T17:38:55.037Z
api-e29b46e9-ed2f-4945-9532-9a454263e21e,catalog.getPizzas,GET,/api/pizzas,200,111,5,0,PASS,111,,GTAA_BASELINE,gTAA,local-batch,0,NOT_AVAILABLE,NOT_AVAILABLE,api,api,ALL,2026-06-09T17:38:55.037Z
api-e29b46e9-ed2f-4945-9532-9a454263e21e,catalog.getPizzas,GET,/api/pizzas,200,113,5,0,PASS,113,,GTAA_BASELINE,gTAA,local-batch,0,NOT_AVAILABLE,NOT_AVAILABLE,api,api,ALL,2026-06-09T17:38:55.037Z
api-e29b46e9-ed2f-4945-9532-9a454263e21e,catalog.getPizzas,GET,/api/pizzas,200,131,5,0,PASS,131,,GTAA_BASELINE,gTAA,local-batch,0,NOT_AVAILABLE,NOT_AVAILABLE,api,api,ALL,2026-06-09T17:38:55.037Z
api-e29b46e9-ed2f-4945-9532-9a454263e21e,catalog.getPizzas,GET,/api/pizzas,200,128,5,0,PASS,128,,GTAA_BASELINE,gTAA,local-batch,0,NOT_AVAILABLE,NOT_AVAILABLE,api,api,ALL,2026-06-09T17:38:55.037Z
api-e29b46e9-ed2f-4945-9532-9a454263e21e,catalog.getPizzas,GET,/api/pizzas,200,140,5,0,PASS,140,,GTAA_BASELINE,gTAA,local-batch,0,NOT_AVAILABLE,NOT_AVAILABLE,api,api,ALL,2026-06-09T17:38:55.037Z
api-e29b46e9-ed2f-4945-9532-9a454263e21e,catalog.getPizzas,GET,/api/pizzas,200,113,5,0,PASS,113,,GTAA_BASELINE,gTAA,local-batch,0,NOT_AVAILABLE,NOT_AVAILABLE,api,api,ALL,2026-06-09T17:38:55.037Z
api-e29b46e9-ed2f-4945-9532-9a454263e21e,catalog.getPizzas,GET,/api/pizzas,200,110,5,0,PASS,110,,GTAA_BASELINE,gTAA,local-batch,0,NOT_AVAILABLE,NOT_AVAILABLE,api,api,ALL,2026-06-09T17:38:55.037Z
api-e29b46e9-ed2f-4945-9532-9a454263e21e,catalog.getPizzas,GET,/api/pizzas,200,113,5,0,PASS,113,,GTAA_BASELINE,gTAA,local-batch,0,NOT_AVAILABLE,NOT_AVAILABLE,api,api,ALL,2026-06-09T17:38:55.037Z
api-e29b46e9-ed2f-4945-9532-9a454263e21e,catalog.getPizzas,GET,/api/pizzas,200,113,5,0,PASS,113,,GTAA_BASELINE,gTAA,local-batch,0,NOT_AVAILABLE,NOT_AVAILABLE,api,api,ALL,2026-06-09T17:38:55.037Z
api-e29b46e9-ed2f-4945-9532-9a454263e21e,catalog.getPizzas,GET,/api/pizzas,200,119,5,0,PASS,119,,GTAA_BASELINE,gTAA,local-batch,0,NOT_AVAILABLE,NOT_AVAILABLE,api,api,ALL,2026-06-09T17:38:55.037Z
api-e29b46e9-ed2f-4945-9532-9a454263e21e,checkout.placeOrder,POST,/api/CH//checkout/place-order,404,126,4,3,FAIL,126,API_RESPONSE_FAILURE,GTAA_BASELINE,gTAA,local-batch,0,NOT_AVAILABLE,NOT_AVAILABLE,api,api,ALL,2026-06-09T17:38:55.037Z
api-e29b46e9-ed2f-4945-9532-9a454263e21e,checkout.placeOrder,POST,/api/CH//checkout/place-order,404,121,4,3,FAIL,121,API_RESPONSE_FAILURE,GTAA_BASELINE,gTAA,local-batch,0,NOT_AVAILABLE,NOT_AVAILABLE,api,api,ALL,2026-06-09T17:38:55.037Z
api-e29b46e9-ed2f-4945-9532-9a454263e21e,checkout.placeOrder,POST,/api/JP//checkout/place-order,404,123,4,3,FAIL,123,API_RESPONSE_FAILURE,GTAA_BASELINE,gTAA,local-batch,0,NOT_AVAILABLE,NOT_AVAILABLE,api,api,ALL,2026-06-09T17:38:55.037Z
api-e29b46e9-ed2f-4945-9532-9a454263e21e,checkout.placeOrder,POST,/api/JP//checkout/place-order,404,112,4,3,FAIL,112,API_RESPONSE_FAILURE,GTAA_BASELINE,gTAA,local-batch,0,NOT_AVAILABLE,NOT_AVAILABLE,api,api,ALL,2026-06-09T17:38:55.037Z
api-e29b46e9-ed2f-4945-9532-9a454263e21e,checkout.placeOrder,POST,/api/MX//checkout/place-order,404,122,4,3,FAIL,122,API_RESPONSE_FAILURE,GTAA_BASELINE,gTAA,local-batch,0,NOT_AVAILABLE,NOT_AVAILABLE,api,api,ALL,2026-06-09T17:38:55.037Z
api-e29b46e9-ed2f-4945-9532-9a454263e21e,checkout.placeOrder,POST,/api/MX//checkout/place-order,404,115,4,3,FAIL,115,API_RESPONSE_FAILURE,GTAA_BASELINE,gTAA,local-batch,0,NOT_AVAILABLE,NOT_AVAILABLE,api,api,ALL,2026-06-09T17:38:55.037Z
api-e29b46e9-ed2f-4945-9532-9a454263e21e,checkout.placeOrder,POST,/api/US//checkout/place-order,404,115,4,3,FAIL,115,API_RESPONSE_FAILURE,GTAA_BASELINE,gTAA,local-batch,0,NOT_AVAILABLE,NOT_AVAILABLE,api,api,ALL,2026-06-09T17:38:55.037Z
api-e29b46e9-ed2f-4945-9532-9a454263e21e,checkout.placeOrder,POST,/api/US//checkout/place-order,404,113,4,3,FAIL,113,API_RESPONSE_FAILURE,GTAA_BASELINE,gTAA,local-batch,0,NOT_AVAILABLE,NOT_AVAILABLE,api,api,ALL,2026-06-09T17:38:55.037Z
api-e29b46e9-ed2f-4945-9532-9a454263e21e,login.authenticate.invalid,POST,/api/auth/login,422,112,4,2,FAIL,112,API_RESPONSE_FAILURE,GTAA_BASELINE,gTAA,local-batch,0,NOT_AVAILABLE,NOT_AVAILABLE,api,api,ALL,2026-06-09T17:38:55.037Z
api-e29b46e9-ed2f-4945-9532-9a454263e21e,login.authenticate.invalid,POST,/api/auth/login,422,115,4,2,FAIL,115,API_RESPONSE_FAILURE,GTAA_BASELINE,gTAA,local-batch,0,NOT_AVAILABLE,NOT_AVAILABLE,api,api,ALL,2026-06-09T17:38:55.037Z
api-e29b46e9-ed2f-4945-9532-9a454263e21e,login.authenticate.invalid,POST,/api/auth/login,422,139,4,2,FAIL,139,API_RESPONSE_FAILURE,GTAA_BASELINE,gTAA,local-batch,0,NOT_AVAILABLE,NOT_AVAILABLE,api,api,ALL,2026-06-09T17:38:55.037Z
api-e29b46e9-ed2f-4945-9532-9a454263e21e,login.authenticate.invalid,POST,/api/auth/login,401,110,4,1,FAIL,110,API_CONTRACT_FAILURE,GTAA_BASELINE,gTAA,local-batch,0,NOT_AVAILABLE,NOT_AVAILABLE,api,api,ALL,2026-06-09T17:38:55.037Z
api-e29b46e9-ed2f-4945-9532-9a454263e21e,login.authenticate.invalid,POST,/api/auth/login,403,113,4,1,FAIL,113,API_CONTRACT_FAILURE,GTAA_BASELINE,gTAA,local-batch,0,NOT_AVAILABLE,NOT_AVAILABLE,api,api,ALL,2026-06-09T17:38:55.037Z
api-e29b46e9-ed2f-4945-9532-9a454263e21e,pizzaBuilder.addCustomizedToCart,POST,/api/cart,422,119,5,4,FAIL,119,API_RESPONSE_FAILURE,GTAA_BASELINE,gTAA,local-batch,0,NOT_AVAILABLE,NOT_AVAILABLE,api,api,ALL,2026-06-09T17:38:55.037Z
api-e29b46e9-ed2f-4945-9532-9a454263e21e,pizzaBuilder.addCustomizedToCart,POST,/api/cart,422,116,5,4,FAIL,116,API_RESPONSE_FAILURE,GTAA_BASELINE,gTAA,local-batch,0,NOT_AVAILABLE,NOT_AVAILABLE,api,api,ALL,2026-06-09T17:38:55.037Z
api-e29b46e9-ed2f-4945-9532-9a454263e21e,pizzaBuilder.addCustomizedToCart,POST,/api/cart,422,117,5,4,FAIL,117,API_RESPONSE_FAILURE,GTAA_BASELINE,gTAA,local-batch,0,NOT_AVAILABLE,NOT_AVAILABLE,api,api,ALL,2026-06-09T17:38:55.037Z
api-e29b46e9-ed2f-4945-9532-9a454263e21e,pizzaBuilder.addCustomizedToCart,POST,/api/cart,422,115,5,4,FAIL,115,API_RESPONSE_FAILURE,GTAA_BASELINE,gTAA,local-batch,0,NOT_AVAILABLE,NOT_AVAILABLE,api,api,ALL,2026-06-09T17:38:55.037Z
api-e29b46e9-ed2f-4945-9532-9a454263e21e,pizzaBuilder.addCustomizedToCart,POST,/api/cart,422,158,5,4,FAIL,158,API_RESPONSE_FAILURE,GTAA_BASELINE,gTAA,local-batch,0,NOT_AVAILABLE,NOT_AVAILABLE,api,api,ALL,2026-06-09T17:38:55.037Z
api-e29b46e9-ed2f-4945-9532-9a454263e21e,pizzaBuilder.listPizzas,GET,/api/pizzas,200,111,4,0,PASS,111,,GTAA_BASELINE,gTAA,local-batch,0,NOT_AVAILABLE,NOT_AVAILABLE,api,api,ALL,2026-06-09T17:38:55.037Z
api-e29b46e9-ed2f-4945-9532-9a454263e21e,pizzaBuilder.listPizzas,GET,/api/pizzas,200,118,4,0,PASS,118,,GTAA_BASELINE,gTAA,local-batch,0,NOT_AVAILABLE,NOT_AVAILABLE,api,api,ALL,2026-06-09T17:38:55.037Z
api-e29b46e9-ed2f-4945-9532-9a454263e21e,pizzaBuilder.listPizzas,GET,/api/pizzas,200,111,4,0,PASS,111,,GTAA_BASELINE,gTAA,local-batch,0,NOT_AVAILABLE,NOT_AVAILABLE,api,api,ALL,2026-06-09T17:38:55.037Z
api-e29b46e9-ed2f-4945-9532-9a454263e21e,pizzaBuilder.listPizzas,GET,/api/pizzas,200,120,4,0,PASS,120,,GTAA_BASELINE,gTAA,local-batch,0,NOT_AVAILABLE,NOT_AVAILABLE,api,api,ALL,2026-06-09T17:38:55.037Z
api-e29b46e9-ed2f-4945-9532-9a454263e21e,pizzaBuilder.listPizzas,GET,/api/pizzas,200,119,4,0,PASS,119,,GTAA_BASELINE,gTAA,local-batch,0,NOT_AVAILABLE,NOT_AVAILABLE,api,api,ALL,2026-06-09T17:38:55.037Z
api-e29b46e9-ed2f-4945-9532-9a454263e21e,profile.updateMe,PATCH,/api/users/me/profile,200,198,6,0,PASS,198,,GTAA_BASELINE,gTAA,local-batch,0,NOT_AVAILABLE,NOT_AVAILABLE,api,api,ALL,2026-06-09T17:38:55.037Z
api-e29b46e9-ed2f-4945-9532-9a454263e21e,profile.updateMe,PATCH,/api/users/me/profile,200,130,6,0,PASS,130,,GTAA_BASELINE,gTAA,local-batch,0,NOT_AVAILABLE,NOT_AVAILABLE,api,api,ALL,2026-06-09T17:38:55.037Z
api-e29b46e9-ed2f-4945-9532-9a454263e21e,profile.updateMe,PATCH,/api/users/me/profile,200,113,6,0,PASS,113,,GTAA_BASELINE,gTAA,local-batch,0,NOT_AVAILABLE,NOT_AVAILABLE,api,api,ALL,2026-06-09T17:38:55.037Z
api-e29b46e9-ed2f-4945-9532-9a454263e21e,profile.updateMe,PATCH,/api/users/me/profile,200,118,6,0,PASS,118,,GTAA_BASELINE,gTAA,local-batch,0,NOT_AVAILABLE,NOT_AVAILABLE,api,api,ALL,2026-06-09T17:38:55.037Z
api-e29b46e9-ed2f-4945-9532-9a454263e21e,profile.updateMe,PATCH,/api/users/me/profile,200,111,6,0,PASS,111,,GTAA_BASELINE,gTAA,local-batch,0,NOT_AVAILABLE,NOT_AVAILABLE,api,api,ALL,2026-06-09T17:38:55.037Z
sample-run-0,createOrder,POST,/api/orders,201,198,4,0,PASS,240,,GTAA_BASELINE,gTAA,sample-batch,0,NOT_AVAILABLE,NOT_AVAILABLE,api,api,api,2026-06-09T17:38:55.037Z
