feature,scenario,count,p50_duration_ms,p95_duration_ms,p99_duration_ms,mean_duration_ms,min_duration_ms,max_duration_ms,architecture_type,repository_name,experiment_batch_id,run_index,workflow_run_id,workflow_attempt,tool_name,platform,viewport,generated_at
Browse Catalog,View the pizza catalog,2,1225,1247.5,1249.5,1225,1200,1250,GTAA_BASELINE,gTAA,sample-batch,0,NOT_AVAILABLE,NOT_AVAILABLE,playwright,desktop,desktop,2026-06-09T17:38:54.088Z
Browse the OmniPizza catalog across markets,Catalog renders in CH/de,53,8690.1,87071.77,211109.47,31030.98,3589.25,262891.94,GTAA_BASELINE,gTAA,local-batch,0,NOT_AVAILABLE,NOT_AVAILABLE,appium-android,android,mobile,2026-06-09T17:38:54.088Z
Browse the OmniPizza catalog across markets,Catalog renders in CH/fr,53,8352.37,108479.55,226674.29,32708.82,3522.29,242875.94,GTAA_BASELINE,gTAA,local-batch,0,NOT_AVAILABLE,NOT_AVAILABLE,appium-android,android,mobile,2026-06-09T17:38:54.088Z
Browse the OmniPizza catalog across markets,Catalog renders in JP/ja,53,8592.88,80020.51,117262.33,26702.03,3505.66,135457.67,GTAA_BASELINE,gTAA,local-batch,0,NOT_AVAILABLE,NOT_AVAILABLE,appium-android,android,mobile,2026-06-09T17:38:54.088Z
Browse the OmniPizza catalog across markets,Catalog renders in MX/es,53,8484.95,73779.73,147714.86,27520.84,3640.47,161389.19,GTAA_BASELINE,gTAA,local-batch,0,NOT_AVAILABLE,NOT_AVAILABLE,appium-android,android,mobile,2026-06-09T17:38:54.088Z
Browse the OmniPizza catalog across markets,Catalog renders in US/en,55,14429.03,79913.03,123499.26,25422.23,3981.92,136392.31,GTAA_BASELINE,gTAA,local-batch,0,NOT_AVAILABLE,NOT_AVAILABLE,appium-android,android,mobile,2026-06-09T17:38:54.088Z
Browse the OmniPizza catalog across markets,Catalog shows the localized section title in CH/de,22,42499.3,226819.81,237463.73,74042.46,23238.86,239965.19,GTAA_BASELINE,gTAA,local-batch,0,NOT_AVAILABLE,NOT_AVAILABLE,appium-android,android,mobile,2026-06-09T17:38:54.088Z
Browse the OmniPizza catalog across markets,Catalog shows the localized section title in CH/fr,22,41942.47,199021.1,231992.73,72334.85,23590.43,240090.16,GTAA_BASELINE,gTAA,local-batch,0,NOT_AVAILABLE,NOT_AVAILABLE,appium-android,android,mobile,2026-06-09T17:38:54.088Z
Browse the OmniPizza catalog across markets,Catalog shows the localized section title in JP/ja,22,41515.52,199556.31,201168.5,62494.04,23956.47,201200.39,GTAA_BASELINE,gTAA,local-batch,0,NOT_AVAILABLE,NOT_AVAILABLE,appium-android,android,mobile,2026-06-09T17:38:54.088Z
Browse the OmniPizza catalog across markets,Catalog shows the localized section title in MX/es,22,41605.19,138177.27,191656.12,55546.9,23640.75,205108.4,GTAA_BASELINE,gTAA,local-batch,0,NOT_AVAILABLE,NOT_AVAILABLE,appium-android,android,mobile,2026-06-09T17:38:54.088Z
Browse the OmniPizza catalog across markets,Catalog shows the localized section title in US/en,22,25015.33,149867.98,164224.09,44466.1,23386.82,167068.58,GTAA_BASELINE,gTAA,local-batch,0,NOT_AVAILABLE,NOT_AVAILABLE,appium-android,android,mobile,2026-06-09T17:38:54.088Z
Browse the OmniPizza catalog across markets,Filtering by category narrows the catalog in CH,62,9924.71,251007.92,432362.03,55373.71,2.36,481123.73,GTAA_BASELINE,gTAA,local-batch,0,NOT_AVAILABLE,NOT_AVAILABLE,appium-android,android,mobile,2026-06-09T17:38:54.088Z
Browse the OmniPizza catalog across markets,Filtering by category narrows the catalog in JP,62,5202.77,112135.47,204780.31,26037.08,2.21,211560.9,GTAA_BASELINE,gTAA,local-batch,0,NOT_AVAILABLE,NOT_AVAILABLE,appium-android,android,mobile,2026-06-09T17:38:54.088Z
Browse the OmniPizza catalog across markets,Filtering by category narrows the catalog in MX,62,5194.89,108070.03,180250.65,25395.39,1.17,200832.1,GTAA_BASELINE,gTAA,local-batch,0,NOT_AVAILABLE,NOT_AVAILABLE,appium-android,android,mobile,2026-06-09T17:38:54.088Z
Browse the OmniPizza catalog across markets,Filtering by category narrows the catalog in US,62,5230.7,81110.55,172595.82,21384,1.2,199826.47,GTAA_BASELINE,gTAA,local-batch,0,NOT_AVAILABLE,NOT_AVAILABLE,appium-android,android,mobile,2026-06-09T17:38:54.088Z
Browse the OmniPizza catalog across markets,Opening a pizza card launches the builder in CH,59,10020.46,401294.08,405821.29,109621.03,2.28,409533.78,GTAA_BASELINE,gTAA,local-batch,0,NOT_AVAILABLE,NOT_AVAILABLE,appium-android,android,mobile,2026-06-09T17:38:54.088Z
Browse the OmniPizza catalog across markets,Opening a pizza card launches the builder in JP,59,5111.18,103855.02,216675.92,27337.57,1.13,240004.32,GTAA_BASELINE,gTAA,local-batch,0,NOT_AVAILABLE,NOT_AVAILABLE,appium-android,android,mobile,2026-06-09T17:38:54.088Z
Browse the OmniPizza catalog across markets,Opening a pizza card launches the builder in MX,59,5551.93,83001.46,167368.98,23354.02,1.14,200891.1,GTAA_BASELINE,gTAA,local-batch,0,NOT_AVAILABLE,NOT_AVAILABLE,appium-android,android,mobile,2026-06-09T17:38:54.088Z
Browse the OmniPizza catalog across markets,Opening a pizza card launches the builder in US,59,5307.59,95036.89,169002.79,21015.73,1.17,200429.32,GTAA_BASELINE,gTAA,local-batch,0,NOT_AVAILABLE,NOT_AVAILABLE,appium-android,android,mobile,2026-06-09T17:38:54.088Z
Browse the OmniPizza catalog across markets,Searching narrows the catalog by name in CH,63,10308.62,221993.68,441481.01,60115.5,4.54,509662.18,GTAA_BASELINE,gTAA,local-batch,0,NOT_AVAILABLE,NOT_AVAILABLE,appium-android,android,mobile,2026-06-09T17:38:54.088Z
Browse the OmniPizza catalog across markets,Searching narrows the catalog by name in JP,63,4924,89116.13,206926.74,27789.81,2.37,218468.75,GTAA_BASELINE,gTAA,local-batch,0,NOT_AVAILABLE,NOT_AVAILABLE,appium-android,android,mobile,2026-06-09T17:38:54.088Z
Browse the OmniPizza catalog across markets,Searching narrows the catalog by name in MX,66,54842.15,198335.73,222646.82,52955.46,2.4,223746.41,GTAA_BASELINE,gTAA,local-batch,0,NOT_AVAILABLE,NOT_AVAILABLE,appium-android,android,mobile,2026-06-09T17:38:54.088Z
Browse the OmniPizza catalog across markets,Searching narrows the catalog by name in US,63,5357.96,77985.01,162298.86,21806.89,45.1,199310.89,GTAA_BASELINE,gTAA,local-batch,0,NOT_AVAILABLE,NOT_AVAILABLE,appium-android,android,mobile,2026-06-09T17:38:54.088Z
Customize a pizza in the builder across markets,Builder renders for Margherita in MX/es,50,26462.43,98124.09,220001.45,36321.62,3433.62,240012.15,GTAA_BASELINE,gTAA,local-batch,0,NOT_AVAILABLE,NOT_AVAILABLE,appium-android,android,mobile,2026-06-09T17:38:54.088Z
Customize a pizza in the builder across markets,Builder renders for Marinara in CH/de,50,40876.38,201065.06,221913.55,72687.34,3664.7,240016.51,GTAA_BASELINE,gTAA,local-batch,0,NOT_AVAILABLE,NOT_AVAILABLE,appium-android,android,mobile,2026-06-09T17:38:54.088Z
Customize a pizza in the builder across markets,Builder renders for Marinara in CH/fr,49,62115.97,218245.76,237676.14,76676.41,3657.69,240018.32,GTAA_BASELINE,gTAA,local-batch,0,NOT_AVAILABLE,NOT_AVAILABLE,appium-android,android,mobile,2026-06-09T17:38:54.088Z
Customize a pizza in the builder across markets,Builder renders for Pepperoni in JP/ja,49,25145.82,143617.4,220319.44,39291.18,3706.65,240002.85,GTAA_BASELINE,gTAA,local-batch,0,NOT_AVAILABLE,NOT_AVAILABLE,appium-android,android,mobile,2026-06-09T17:38:54.088Z
Customize a pizza in the builder across markets,Builder renders for Pepperoni in US/en,51,25017.9,164655.85,221271.18,37364.62,3672.43,240004.26,GTAA_BASELINE,gTAA,local-batch,0,NOT_AVAILABLE,NOT_AVAILABLE,appium-android,android,mobile,2026-06-09T17:38:54.088Z
Customize a pizza in the builder across markets,Builder section and total labels are translated for Margherita in MX/es,19,43654.77,203807.13,232781.21,71247.67,25128.75,240024.73,GTAA_BASELINE,gTAA,local-batch,0,NOT_AVAILABLE,NOT_AVAILABLE,appium-android,android,mobile,2026-06-09T17:38:54.088Z
Customize a pizza in the builder across markets,Builder section and total labels are translated for Marinara in CH/de,19,173352.44,207539.39,233510.89,173531.87,82400.4,240003.77,GTAA_BASELINE,gTAA,local-batch,0,NOT_AVAILABLE,NOT_AVAILABLE,appium-android,android,mobile,2026-06-09T17:38:54.088Z
Customize a pizza in the builder across markets,Builder section and total labels are translated for Marinara in CH/fr,19,172973.83,206667.14,233345.41,171642.04,82684.75,240014.98,GTAA_BASELINE,gTAA,local-batch,0,NOT_AVAILABLE,NOT_AVAILABLE,appium-android,android,mobile,2026-06-09T17:38:54.088Z
Customize a pizza in the builder across markets,Builder section and total labels are translated for Pepperoni in JP/ja,19,44281.78,205414.15,233091.37,72311.94,25358.41,240010.68,GTAA_BASELINE,gTAA,local-batch,0,NOT_AVAILABLE,NOT_AVAILABLE,appium-android,android,mobile,2026-06-09T17:38:54.088Z
Customize a pizza in the builder across markets,Builder section and total labels are translated for Pepperoni in US/en,19,28480.13,203930.28,232800.6,68413.19,25708.26,240018.18,GTAA_BASELINE,gTAA,local-batch,0,NOT_AVAILABLE,NOT_AVAILABLE,appium-android,android,mobile,2026-06-09T17:38:54.088Z
Customize a pizza in the builder across markets,Confirming add to cart closes the builder and increments the navbar cart count in CH,62,127793.38,398325.29,432448.09,139320.04,2.47,480040.73,GTAA_BASELINE,gTAA,local-batch,0,NOT_AVAILABLE,NOT_AVAILABLE,appium-android,android,mobile,2026-06-09T17:38:54.088Z
Customize a pizza in the builder across markets,Confirming add to cart closes the builder and increments the navbar cart count in JP,61,48278.3,140658.25,218180.96,44775.1,1.22,240013.83,GTAA_BASELINE,gTAA,local-batch,0,NOT_AVAILABLE,NOT_AVAILABLE,appium-android,android,mobile,2026-06-09T17:38:54.088Z
Customize a pizza in the builder across markets,Confirming add to cart closes the builder and increments the navbar cart count in MX,61,47846.64,89630.52,216542.04,42415.11,1.18,240023.34,GTAA_BASELINE,gTAA,local-batch,0,NOT_AVAILABLE,NOT_AVAILABLE,appium-android,android,mobile,2026-06-09T17:38:54.088Z
Customize a pizza in the builder across markets,Confirming add to cart closes the builder and increments the navbar cart count in US,61,30767.22,82098.91,216874.7,39162.74,1.15,240015.04,GTAA_BASELINE,gTAA,local-batch,0,NOT_AVAILABLE,NOT_AVAILABLE,appium-android,android,mobile,2026-06-09T17:38:54.088Z
Customize a pizza in the builder across markets,Selecting a size updates the estimated total for Margherita in MX,47,24997.95,168683.83,222562.81,42007.37,3663.57,240013.35,GTAA_BASELINE,gTAA,local-batch,0,NOT_AVAILABLE,NOT_AVAILABLE,appium-android,android,mobile,2026-06-09T17:38:54.088Z
Customize a pizza in the builder across markets,Selecting a size updates the estimated total for Marinara in CH,47,25789.83,403212.72,445650.42,140092.59,7308.05,480031.53,GTAA_BASELINE,gTAA,local-batch,0,NOT_AVAILABLE,NOT_AVAILABLE,appium-android,android,mobile,2026-06-09T17:38:54.088Z
Customize a pizza in the builder across markets,Selecting a size updates the estimated total for Pepperoni in JP,47,26097.55,171171.96,222718.2,41838.59,3550.8,240024.45,GTAA_BASELINE,gTAA,local-batch,0,NOT_AVAILABLE,NOT_AVAILABLE,appium-android,android,mobile,2026-06-09T17:38:54.088Z
Customize a pizza in the builder across markets,Selecting a size updates the estimated total for Pepperoni in US,47,13000,155487.24,222857.33,37561.37,3701.47,240015.8,GTAA_BASELINE,gTAA,local-batch,0,NOT_AVAILABLE,NOT_AVAILABLE,appium-android,android,mobile,2026-06-09T17:38:54.088Z
Customize a pizza in the builder across markets,Selecting toppings updates the estimated total for Margherita in MX,47,26469.12,104008.43,177149.48,36598.37,3924.53,201397.5,GTAA_BASELINE,gTAA,local-batch,0,NOT_AVAILABLE,NOT_AVAILABLE,appium-android,android,mobile,2026-06-09T17:38:54.088Z
Customize a pizza in the builder across markets,Selecting toppings updates the estimated total for Marinara in CH,47,25408.56,403056.73,445181.91,138476.36,7607.8,480026.5,GTAA_BASELINE,gTAA,local-batch,0,NOT_AVAILABLE,NOT_AVAILABLE,appium-android,android,mobile,2026-06-09T17:38:54.088Z
Customize a pizza in the builder across markets,Selecting toppings updates the estimated total for Pepperoni in JP,47,27187.69,170767.88,221929.7,40713.58,4009.23,240002.95,GTAA_BASELINE,gTAA,local-batch,0,NOT_AVAILABLE,NOT_AVAILABLE,appium-android,android,mobile,2026-06-09T17:38:54.088Z
Customize a pizza in the builder across markets,Selecting toppings updates the estimated total for Pepperoni in US,47,12815.66,171929.75,222284.63,38954.69,3742.76,240003.24,GTAA_BASELINE,gTAA,local-batch,0,NOT_AVAILABLE,NOT_AVAILABLE,appium-android,android,mobile,2026-06-09T17:38:54.088Z
Customize Pizza,Customize a pizza,2,1860,1914,1918.8,1860,1800,1920,GTAA_BASELINE,gTAA,sample-batch,0,NOT_AVAILABLE,NOT_AVAILABLE,playwright,responsive,responsive,2026-06-09T17:38:54.088Z
Invalid login credentials surface the same auth error,Login rejected when both fields are empty,59,62003.66,217707.97,227273.53,60126.75,220.4,240011.29,GTAA_BASELINE,gTAA,local-batch,0,NOT_AVAILABLE,NOT_AVAILABLE,appium-android,android,mobile,2026-06-09T17:38:54.088Z
Invalid login credentials surface the same auth error,Login rejected when credentials are wrong,59,25319.6,83809.7,217385.57,42198.84,211.91,240017.68,GTAA_BASELINE,gTAA,local-batch,0,NOT_AVAILABLE,NOT_AVAILABLE,appium-android,android,mobile,2026-06-09T17:38:54.088Z
Invalid login credentials surface the same auth error,Login rejected when password is missing,59,62026.27,219744.18,228519.82,61852.77,215.78,240010.34,GTAA_BASELINE,gTAA,local-batch,0,NOT_AVAILABLE,NOT_AVAILABLE,appium-android,android,mobile,2026-06-09T17:38:54.088Z
Invalid login credentials surface the same auth error,Login rejected when user is locked out,59,2856.76,84142.95,217062.33,19048.74,208.52,240005.34,GTAA_BASELINE,gTAA,local-batch,0,NOT_AVAILABLE,NOT_AVAILABLE,appium-android,android,mobile,2026-06-09T17:38:54.088Z
Invalid login credentials surface the same auth error,Login rejected when username is missing,60,62027.31,217064.64,229473.51,59832.77,229.46,240071.08,GTAA_BASELINE,gTAA,local-batch,0,NOT_AVAILABLE,NOT_AVAILABLE,appium-android,android,mobile,2026-06-09T17:38:54.088Z
Market-driven language localization across login + post-login UI,Logout label is translated to English after market US,21,2861.44,6165.69,6216.03,3810.94,1862.57,6228.62,GTAA_BASELINE,gTAA,local-batch,0,NOT_AVAILABLE,NOT_AVAILABLE,playwright,desktop,desktop,2026-06-09T17:38:54.088Z
Market-driven language localization across login + post-login UI,Logout label is translated to French after market CH,21,8808.97,64592.4,64909.87,32647.13,1907.52,64989.23,GTAA_BASELINE,gTAA,local-batch,0,NOT_AVAILABLE,NOT_AVAILABLE,playwright,desktop,desktop,2026-06-09T17:38:54.088Z
Market-driven language localization across login + post-login UI,Logout label is translated to German after market CH,21,10123.78,62790.76,62804.33,32390.95,1854.1,62807.73,GTAA_BASELINE,gTAA,local-batch,0,NOT_AVAILABLE,NOT_AVAILABLE,playwright,desktop,desktop,2026-06-09T17:38:54.088Z
Market-driven language localization across login + post-login UI,Logout label is translated to Japanese after market JP,21,3310.07,8144.87,8490.57,4217.17,1790.32,8576.99,GTAA_BASELINE,gTAA,local-batch,0,NOT_AVAILABLE,NOT_AVAILABLE,playwright,desktop,desktop,2026-06-09T17:38:54.088Z
Market-driven language localization across login + post-login UI,Logout label is translated to Spanish after market MX,21,2776.74,8052.37,8506.76,4194.25,1778.31,8620.35,GTAA_BASELINE,gTAA,local-batch,0,NOT_AVAILABLE,NOT_AVAILABLE,playwright,desktop,desktop,2026-06-09T17:38:54.088Z
"Navbar shell — links, branding, and language switching per market",Desktop navbar links are present in CH,20,7915.16,15917.52,15975.37,9828.51,5726.04,15989.83,GTAA_BASELINE,gTAA,local-batch,0,NOT_AVAILABLE,NOT_AVAILABLE,playwright,desktop,desktop,2026-06-09T17:38:54.088Z
"Navbar shell — links, branding, and language switching per market",Desktop navbar links are present in JP,20,3233.71,7237.5,9784.07,4655.29,2789.27,10420.71,GTAA_BASELINE,gTAA,local-batch,0,NOT_AVAILABLE,NOT_AVAILABLE,playwright,desktop,desktop,2026-06-09T17:38:54.088Z
"Navbar shell — links, branding, and language switching per market",Desktop navbar links are present in MX,20,4165.38,7911.81,7947.71,4809.59,2892.83,7956.69,GTAA_BASELINE,gTAA,local-batch,0,NOT_AVAILABLE,NOT_AVAILABLE,playwright,desktop,desktop,2026-06-09T17:38:54.088Z
"Navbar shell — links, branding, and language switching per market",Desktop navbar links are present in US,20,3575.61,7203.94,7984.13,4672.91,2931.54,8179.18,GTAA_BASELINE,gTAA,local-batch,0,NOT_AVAILABLE,NOT_AVAILABLE,playwright,desktop,desktop,2026-06-09T17:38:54.088Z
"Navbar shell — links, branding, and language switching per market",Header language switcher updates the locale in CH (de → fr),22,62749.33,63998.43,64581.97,37832.77,3219.97,64726.9,GTAA_BASELINE,gTAA,local-batch,0,NOT_AVAILABLE,NOT_AVAILABLE,playwright,desktop,desktop,2026-06-09T17:38:54.088Z
"Navbar shell — links, branding, and language switching per market",Header language switcher updates the locale in CH (fr → de),22,62764.81,63529.9,65159.31,37658.73,3242.64,65590.27,GTAA_BASELINE,gTAA,local-batch,0,NOT_AVAILABLE,NOT_AVAILABLE,playwright,desktop,desktop,2026-06-09T17:38:54.088Z
"Navbar shell — links, branding, and language switching per market",Mobile navbar exposes the same links in CH,28,46099.69,338200.75,458523.82,88698.49,7514.51,480015.7,GTAA_BASELINE,gTAA,local-batch,0,NOT_AVAILABLE,NOT_AVAILABLE,appium-android,android,mobile,2026-06-09T17:38:54.088Z
"Navbar shell — links, branding, and language switching per market",Mobile navbar exposes the same links in JP,28,22817.05,167697.96,230659.15,43315.2,4086.18,240020.25,GTAA_BASELINE,gTAA,local-batch,0,NOT_AVAILABLE,NOT_AVAILABLE,appium-android,android,mobile,2026-06-09T17:38:54.088Z
"Navbar shell — links, branding, and language switching per market",Mobile navbar exposes the same links in MX,28,22956.31,162088.41,229918.28,41052.25,4098.23,240005.28,GTAA_BASELINE,gTAA,local-batch,0,NOT_AVAILABLE,NOT_AVAILABLE,appium-android,android,mobile,2026-06-09T17:38:54.088Z
"Navbar shell — links, branding, and language switching per market",Mobile navbar exposes the same links in US,28,23363.38,161305.29,229708.88,40979.54,3270,240013.91,GTAA_BASELINE,gTAA,local-batch,0,NOT_AVAILABLE,NOT_AVAILABLE,appium-android,android,mobile,2026-06-09T17:38:54.088Z
Order success screen surfaces tracking & courier per market,Order success screen in CH/de shows tracking + courier,49,8020.71,113356.82,220753.45,39591.87,2799.48,240011.16,GTAA_BASELINE,gTAA,local-batch,0,NOT_AVAILABLE,NOT_AVAILABLE,appium-android,android,mobile,2026-06-09T17:38:54.088Z
Order success screen surfaces tracking & courier per market,Order success screen in CH/fr shows tracking + courier,49,7638.98,90026.58,221159.46,38682.35,2726.09,240011.18,GTAA_BASELINE,gTAA,local-batch,0,NOT_AVAILABLE,NOT_AVAILABLE,appium-android,android,mobile,2026-06-09T17:38:54.088Z
Order success screen surfaces tracking & courier per market,Order success screen in JP/ja shows tracking + courier,49,8138.99,102442.39,221387.81,39112.56,2890.01,240015.87,GTAA_BASELINE,gTAA,local-batch,0,NOT_AVAILABLE,NOT_AVAILABLE,appium-android,android,mobile,2026-06-09T17:38:54.088Z
Order success screen surfaces tracking & courier per market,Order success screen in MX/es shows tracking + courier,49,8157.7,99927.47,220733.81,39015.94,2879.66,240006.1,GTAA_BASELINE,gTAA,local-batch,0,NOT_AVAILABLE,NOT_AVAILABLE,appium-android,android,mobile,2026-06-09T17:38:54.088Z
Order success screen surfaces tracking & courier per market,Order success screen in US/en shows tracking + courier,49,7742.76,100845.27,221394.98,39158.09,2839.43,240013.71,GTAA_BASELINE,gTAA,local-batch,0,NOT_AVAILABLE,NOT_AVAILABLE,appium-android,android,mobile,2026-06-09T17:38:54.088Z
Place a delivery order across markets,Place a delivery order in CH paying with cash,59,63938.77,226346.13,233350.56,78419.16,1.25,240020.37,GTAA_BASELINE,gTAA,local-batch,0,NOT_AVAILABLE,NOT_AVAILABLE,appium-android,android,mobile,2026-06-09T17:38:54.088Z
Place a delivery order across markets,Place a delivery order in CH paying with credit card,59,64632.44,356653.49,358979.55,96639.67,1.25,359709.16,GTAA_BASELINE,gTAA,local-batch,0,NOT_AVAILABLE,NOT_AVAILABLE,appium-android,android,mobile,2026-06-09T17:38:54.088Z
Place a delivery order across markets,Place a delivery order in JP paying with cash,59,64346.69,226159.2,234254.12,77036.86,1.22,240011.56,GTAA_BASELINE,gTAA,local-batch,0,NOT_AVAILABLE,NOT_AVAILABLE,appium-android,android,mobile,2026-06-09T17:38:54.088Z
Place a delivery order across markets,Place a delivery order in JP paying with credit card,59,65059.07,358540.22,361101,96780.88,1.22,361231.05,GTAA_BASELINE,gTAA,local-batch,0,NOT_AVAILABLE,NOT_AVAILABLE,appium-android,android,mobile,2026-06-09T17:38:54.088Z
Place a delivery order across markets,Place a delivery order in MX paying with cash,59,7179.86,220011.61,287230.43,59447.7,1.21,290471.21,GTAA_BASELINE,gTAA,local-batch,0,NOT_AVAILABLE,NOT_AVAILABLE,appium-android,android,mobile,2026-06-09T17:38:54.088Z
Place a delivery order across markets,Place a delivery order in MX paying with credit card,59,64805.16,358543.51,360230.19,96823.66,1.25,360335.88,GTAA_BASELINE,gTAA,local-batch,0,NOT_AVAILABLE,NOT_AVAILABLE,appium-android,android,mobile,2026-06-09T17:38:54.088Z
Place a delivery order across markets,Place a delivery order in US paying with cash,59,6145.42,171932.63,226331.97,54461.29,2.18,240018.01,GTAA_BASELINE,gTAA,local-batch,0,NOT_AVAILABLE,NOT_AVAILABLE,appium-android,android,mobile,2026-06-09T17:38:54.088Z
Place a delivery order across markets,Place a delivery order in US paying with credit card,60,65332.22,357695.8,361822.54,94892.88,2.35,363491.17,GTAA_BASELINE,gTAA,local-batch,0,NOT_AVAILABLE,NOT_AVAILABLE,appium-android,android,mobile,2026-06-09T17:38:54.088Z
Place Delivery Order,Place a delivery order,2,2637.5,2671.25,2674.25,2637.5,2600,2675,GTAA_BASELINE,gTAA,sample-batch,0,NOT_AVAILABLE,NOT_AVAILABLE,playwright,android,android,2026-06-09T17:38:54.088Z
View and update the OmniPizza user profile across markets,Profile form labels are translated in CH/de,20,43012.22,201153.22,232243.42,67029.13,22759.62,240015.96,GTAA_BASELINE,gTAA,local-batch,0,NOT_AVAILABLE,NOT_AVAILABLE,appium-android,android,mobile,2026-06-09T17:38:54.088Z
View and update the OmniPizza user profile across markets,Profile form labels are translated in CH/fr,20,42325.93,201389.73,232286.44,66302.63,23083.41,240010.62,GTAA_BASELINE,gTAA,local-batch,0,NOT_AVAILABLE,NOT_AVAILABLE,appium-android,android,mobile,2026-06-09T17:38:54.088Z
View and update the OmniPizza user profile across markets,Profile form labels are translated in JP/ja,20,43946.68,209938.03,233997.12,76553.93,23430.63,240011.9,GTAA_BASELINE,gTAA,local-batch,0,NOT_AVAILABLE,NOT_AVAILABLE,appium-android,android,mobile,2026-06-09T17:38:54.088Z
View and update the OmniPizza user profile across markets,Profile form labels are translated in MX/es,20,43905.84,200441.21,232103.19,66696.84,23870.62,240018.69,GTAA_BASELINE,gTAA,local-batch,0,NOT_AVAILABLE,NOT_AVAILABLE,appium-android,android,mobile,2026-06-09T17:38:54.088Z
View and update the OmniPizza user profile across markets,Profile form labels are translated in US/en,20,27154.43,200905.5,232193.47,60714.67,24736.78,240015.46,GTAA_BASELINE,gTAA,local-batch,0,NOT_AVAILABLE,NOT_AVAILABLE,appium-android,android,mobile,2026-06-09T17:38:54.088Z
View and update the OmniPizza user profile across markets,Profile renders for standard_user in CH/de,49,7121.9,99749.27,220094.2,31259.96,158.27,240009.3,GTAA_BASELINE,gTAA,local-batch,0,NOT_AVAILABLE,NOT_AVAILABLE,appium-android,android,mobile,2026-06-09T17:38:54.088Z
View and update the OmniPizza user profile across markets,Profile renders for standard_user in CH/fr,49,6699.62,87370.96,219955.23,30780.4,160.44,240007.1,GTAA_BASELINE,gTAA,local-batch,0,NOT_AVAILABLE,NOT_AVAILABLE,appium-android,android,mobile,2026-06-09T17:38:54.088Z
View and update the OmniPizza user profile across markets,Profile renders for standard_user in JP/ja,49,6477.13,98237.3,220430.03,31254.52,175.73,240018.22,GTAA_BASELINE,gTAA,local-batch,0,NOT_AVAILABLE,NOT_AVAILABLE,appium-android,android,mobile,2026-06-09T17:38:54.088Z
View and update the OmniPizza user profile across markets,Profile renders for standard_user in MX/es,49,6094.28,83412.74,220288.71,30747.26,174.61,240022.78,GTAA_BASELINE,gTAA,local-batch,0,NOT_AVAILABLE,NOT_AVAILABLE,appium-android,android,mobile,2026-06-09T17:38:54.088Z
View and update the OmniPizza user profile across markets,Profile renders for standard_user in US/en,49,6060.85,90370.12,202100.13,27942.99,177.09,205347.53,GTAA_BASELINE,gTAA,local-batch,0,NOT_AVAILABLE,NOT_AVAILABLE,appium-android,android,mobile,2026-06-09T17:38:54.088Z
View and update the OmniPizza user profile across markets,The profile form is editable and the save is accepted in CH,49,13188.89,483696.18,487812.38,116820.64,321.44,489293.48,GTAA_BASELINE,gTAA,local-batch,0,NOT_AVAILABLE,NOT_AVAILABLE,appium-android,android,mobile,2026-06-09T17:38:54.088Z
View and update the OmniPizza user profile across markets,The profile form is editable and the save is accepted in JP,49,6088.81,241532.58,329833.2,64736.58,159.5,410164.16,GTAA_BASELINE,gTAA,local-batch,0,NOT_AVAILABLE,NOT_AVAILABLE,appium-android,android,mobile,2026-06-09T17:38:54.088Z
View and update the OmniPizza user profile across markets,The profile form is editable and the save is accepted in MX,49,6779.17,241130.41,331405.63,62960.16,174.82,411556.42,GTAA_BASELINE,gTAA,local-batch,0,NOT_AVAILABLE,NOT_AVAILABLE,appium-android,android,mobile,2026-06-09T17:38:54.088Z
View and update the OmniPizza user profile across markets,The profile form is editable and the save is accepted in US,49,6156.58,224456.02,319021.09,60395.08,176.27,391952.45,GTAA_BASELINE,gTAA,local-batch,0,NOT_AVAILABLE,NOT_AVAILABLE,appium-android,android,mobile,2026-06-09T17:38:54.088Z
View and update the OmniPizza user profile across markets,Updated profile is readable through the profile API in CH,10,922.98,1244.7,1395.41,849.71,3.43,1433.09,GTAA_BASELINE,gTAA,local-batch,0,NOT_AVAILABLE,NOT_AVAILABLE,api,api,ALL,2026-06-09T17:38:54.088Z
View and update the OmniPizza user profile across markets,Updated profile is readable through the profile API in JP,10,459.39,523.46,544.7,402.04,1.17,550.01,GTAA_BASELINE,gTAA,local-batch,0,NOT_AVAILABLE,NOT_AVAILABLE,api,api,ALL,2026-06-09T17:38:54.088Z
View and update the OmniPizza user profile across markets,Updated profile is readable through the profile API in MX,10,471.73,676.08,771.97,435.33,1.15,795.94,GTAA_BASELINE,gTAA,local-batch,0,NOT_AVAILABLE,NOT_AVAILABLE,api,api,ALL,2026-06-09T17:38:54.088Z
View and update the OmniPizza user profile across markets,Updated profile is readable through the profile API in US,10,488.77,609.01,657.02,437.65,1.16,669.02,GTAA_BASELINE,gTAA,local-batch,0,NOT_AVAILABLE,NOT_AVAILABLE,api,api,ALL,2026-06-09T17:38:54.088Z
